InvoiceNumber,ProductCode,ProductName,Quantity,InvoiceDate,UnitPrice,CustomerId,Country
489434,85048,15CM CHRISTMAS GLASS BALL 20 LIGHTS,12,2009-12-01 07:45:00,6.95,13085.0,United Kingdom
489434,79323P,PINK CHERRY LIGHTS,12,2009-12-01 07:45:00,6.75,13085.0,United Kingdom
489434,79323W, WHITE CHERRY LIGHTS,12,2009-12-01 07:45:00,6.75,13085.0,United Kingdom
489434,22041,"RECORD FRAME 7"" SINGLE SIZE ",48,2009-12-01 07:45:00,2.1,13085.0,United Kingdom
489434,21232,STRAWBERRY CERAMIC TRINKET BOX,24,2009-12-01 07:45:00,1.25,13085.0,United Kingdom
489434,22064,PINK DOUGHNUT TRINKET POT ,24,2009-12-01 07:45:00,1.65,13085.0,United Kingdom
489434,21871,SAVE THE PLANET MUG,24,2009-12-01 07:45:00,1.25,13085.0,United Kingdom
489434,21523,FANCY FONT HOME SWEET HOME DOORMAT,10,2009-12-01 07:45:00,5.95,13085.0,United Kingdom
489435,22350,CAT BOWL ,12,2009-12-01 07:46:00,2.55,13085.0,United Kingdom
489435,22349,"DOG BOWL , CHASING BALL DESIGN",12,2009-12-01 07:46:00,3.75,13085.0,United Kingdom
489435,22195,HEART MEASURING SPOONS LARGE,24,2009-12-01 07:46:00,1.65,13085.0,United Kingdom
489435,22353,LUNCHBOX WITH CUTLERY FAIRY CAKES ,12,2009-12-01 07:46:00,2.55,13085.0,United Kingdom
489436,48173C,DOOR MAT BLACK FLOCK ,10,2009-12-01 09:06:00,5.95,13078.0,United Kingdom
489436,21755,LOVE BUILDING BLOCK WORD,18,2009-12-01 09:06:00,5.45,13078.0,United Kingdom
489436,21754,HOME BUILDING BLOCK WORD,3,2009-12-01 09:06:00,5.95,13078.0,United Kingdom
489436,84879,ASSORTED COLOUR BIRD ORNAMENT,16,2009-12-01 09:06:00,1.69,13078.0,United Kingdom
489436,22119, PEACE WOODEN BLOCK LETTERS,3,2009-12-01 09:06:00,6.95,13078.0,United Kingdom
489436,22142,CHRISTMAS CRAFT WHITE FAIRY ,12,2009-12-01 09:06:00,1.45,13078.0,United Kingdom
489436,22296,HEART IVORY TRELLIS LARGE,12,2009-12-01 09:06:00,1.65,13078.0,United Kingdom
489436,22295,HEART FILIGREE DOVE LARGE,12,2009-12-01 09:06:00,1.65,13078.0,United Kingdom
489436,22109,FULL ENGLISH BREAKFAST PLATE,16,2009-12-01 09:06:00,3.39,13078.0,United Kingdom
489436,22107,PIZZA PLATE IN BOX,4,2009-12-01 09:06:00,3.75,13078.0,United Kingdom
489436,22194,BLACK DINER WALL CLOCK,2,2009-12-01 09:06:00,8.5,13078.0,United Kingdom
489436,35004B,SET OF 3 BLACK FLYING DUCKS,12,2009-12-01 09:06:00,4.65,13078.0,United Kingdom
489436,82582,AREA PATROLLED METAL SIGN,12,2009-12-01 09:06:00,2.1,13078.0,United Kingdom
489436,21181,PLEASE ONE PERSON  METAL SIGN,12,2009-12-01 09:06:00,2.1,13078.0,United Kingdom
489436,21756,BATH BUILDING BLOCK WORD,3,2009-12-01 09:06:00,5.95,13078.0,United Kingdom
489436,21333,CLASSIC WHITE FRAME,6,2009-12-01 09:06:00,2.95,13078.0,United Kingdom
489436,84596F,SMALL MARSHMALLOWS PINK BOWL,8,2009-12-01 09:06:00,1.25,13078.0,United Kingdom
489436,84596L,BISCUITS SMALL BOWL LIGHT BLUE,8,2009-12-01 09:06:00,1.25,13078.0,United Kingdom
489436,22111,SCOTTIE DOG HOT WATER BOTTLE,24,2009-12-01 09:06:00,4.25,13078.0,United Kingdom
489437,22143,CHRISTMAS CRAFT HEART DECORATIONS,6,2009-12-01 09:08:00,2.1,15362.0,United Kingdom
489437,22145,CHRISTMAS CRAFT HEART STOCKING ,6,2009-12-01 09:08:00,2.1,15362.0,United Kingdom
489437,22130,PARTY CONE CHRISTMAS DECORATION ,12,2009-12-01 09:08:00,0.85,15362.0,United Kingdom
489437,21364,PEACE SMALL WOOD LETTERS,2,2009-12-01 09:08:00,6.75,15362.0,United Kingdom
489437,21360,JOY LARGE WOOD LETTERS,1,2009-12-01 09:08:00,9.95,15362.0,United Kingdom
489437,21351,CINAMMON & ORANGE WREATH,2,2009-12-01 09:08:00,6.75,15362.0,United Kingdom
489437,21352,EUCALYPTUS & PINECONE  WREATH,2,2009-12-01 09:08:00,6.75,15362.0,United Kingdom
489437,35400,WOODEN BOX ADVENT CALENDAR ,2,2009-12-01 09:08:00,8.95,15362.0,United Kingdom
489437,20695,FLORAL BLUE MONSTER,3,2009-12-01 09:08:00,4.25,15362.0,United Kingdom
489437,37370,RETRO COFFEE MUGS ASSORTED,12,2009-12-01 09:08:00,1.25,15362.0,United Kingdom
489437,10002,INFLATABLE POLITICAL GLOBE ,12,2009-12-01 09:08:00,0.85,15362.0,United Kingdom
489437,84507B,STRIPES DESIGN MONKEY DOLL,6,2009-12-01 09:08:00,2.55,15362.0,United Kingdom
489437,20703,BLUE PADDED SOFT MOBILE,3,2009-12-01 09:08:00,4.25,15362.0,United Kingdom
489437,21987,PACK OF 6 SKULL PAPER CUPS,12,2009-12-01 09:08:00,0.65,15362.0,United Kingdom
489437,21989,PACK OF 20 SKULL PAPER NAPKINS,12,2009-12-01 09:08:00,0.85,15362.0,United Kingdom
489437,84970S,HANGING HEART ZINC T-LIGHT HOLDER,12,2009-12-01 09:08:00,0.85,15362.0,United Kingdom
489437,20971,PINK BLUE FELT CRAFT TRINKET BOX,12,2009-12-01 09:08:00,1.25,15362.0,United Kingdom
489437,22271,FELTCRAFT DOLL ROSIE,6,2009-12-01 09:08:00,2.95,15362.0,United Kingdom
489437,22272,FELTCRAFT DOLL MARIA,6,2009-12-01 09:08:00,2.95,15362.0,United Kingdom
489437,22274,FELTCRAFT DOLL EMILY,6,2009-12-01 09:08:00,2.95,15362.0,United Kingdom
489437,21912,VINTAGE SNAKES & LADDERS,4,2009-12-01 09:08:00,3.75,15362.0,United Kingdom
489437,22111,SCOTTIE DOG HOT WATER BOTTLE,3,2009-12-01 09:08:00,4.95,15362.0,United Kingdom
489437,22112,CHOCOLATE HOT WATER BOTTLE,3,2009-12-01 09:08:00,4.95,15362.0,United Kingdom
489438,21329,DINOSAURS  WRITING SET ,28,2009-12-01 09:24:00,0.98,18102.0,United Kingdom
489438,21252,SET OF MEADOW  FLOWER STICKERS,30,2009-12-01 09:24:00,1.69,18102.0,United Kingdom
489438,21100,CHARLIE AND LOLA CHARLOTTE BAG,30,2009-12-01 09:24:00,1.15,18102.0,United Kingdom
489438,21033,JUMBO BAG CHARLIE AND LOLA TOYS,30,2009-12-01 09:24:00,2.0,18102.0,United Kingdom
489438,20711,JUMBO BAG TOYS ,60,2009-12-01 09:24:00,1.3,18102.0,United Kingdom
489438,21410,COUNTRY COTTAGE  DOORSTOP GREEN,32,2009-12-01 09:24:00,2.5,18102.0,United Kingdom
489438,21411,GINGHAM HEART  DOORSTOP RED,32,2009-12-01 09:24:00,2.5,18102.0,United Kingdom
489438,84031A,CHARLIE+LOLA RED HOT WATER BOTTLE ,56,2009-12-01 09:24:00,3.0,18102.0,United Kingdom
489438,84031B,CHARLIE LOLA BLUE HOT WATER BOTTLE ,56,2009-12-01 09:24:00,3.0,18102.0,United Kingdom
489438,84032A,CHARLIE+LOLA PINK HOT WATER BOTTLE,60,2009-12-01 09:24:00,1.9,18102.0,United Kingdom
489438,84032B,CHARLIE + LOLA RED HOT WATER BOTTLE,56,2009-12-01 09:24:00,1.9,18102.0,United Kingdom
489438,84519A,TOMATO CHARLIE+LOLA COASTER SET,56,2009-12-01 09:24:00,2.15,18102.0,United Kingdom
489438,84519B,CARROT CHARLIE+LOLA COASTER SET,60,2009-12-01 09:24:00,2.4,18102.0,United Kingdom
489438,85132A,CHARLIE + LOLA BISCUITS TINS,60,2009-12-01 09:24:00,6.38,18102.0,United Kingdom
489438,85132C,CHARLIE AND LOLA FIGURES TINS,60,2009-12-01 09:24:00,6.4,18102.0,United Kingdom
489438,85183A,CHARLIE & LOLA WASTEPAPER BIN BLUE,60,2009-12-01 09:24:00,2.4,18102.0,United Kingdom
489438,85183B,CHARLIE & LOLA WASTEPAPER BIN FLORA,60,2009-12-01 09:24:00,2.4,18102.0,United Kingdom
489439,22065,CHRISTMAS PUDDING TRINKET POT ,12,2009-12-01 09:28:00,1.45,12682.0,France
489439,22138,BAKING SET 9 PIECE RETROSPOT ,9,2009-12-01 09:28:00,4.95,12682.0,France
489439,22139,RETRO SPOT TEA SET CERAMIC 11 PC ,9,2009-12-01 09:28:00,4.95,12682.0,France
489439,22352,LUNCHBOX WITH CUTLERY RETROSPOT ,12,2009-12-01 09:28:00,2.55,12682.0,France
489439,85014A,BLACK/BLUE DOTS RUFFLED UMBRELLA,3,2009-12-01 09:28:00,5.95,12682.0,France
489439,85014B,RED/WHITE DOTS RUFFLED UMBRELLA,3,2009-12-01 09:28:00,5.95,12682.0,France
489439,16161P,WRAP ENGLISH ROSE ,25,2009-12-01 09:28:00,0.42,12682.0,France
489439,16169N,WRAP BLUE RUSSIAN FOLKART,25,2009-12-01 09:28:00,0.42,12682.0,France
489439,21491,SET OF THREE VINTAGE GIFT WRAPS,6,2009-12-01 09:28:00,1.95,12682.0,France
489439,22333,RETRO SPORT PARTY BAG + STICKER SET,8,2009-12-01 09:28:00,1.65,12682.0,France
489439,85216,ASSORTED CAKES FRIDGE MAGNETS,12,2009-12-01 09:28:00,0.65,12682.0,France
489439,21493, VINTAGE DESIGN GIFT TAGS,12,2009-12-01 09:28:00,0.85,12682.0,France
489439,22130,PARTY CONE CHRISTMAS DECORATION ,24,2009-12-01 09:28:00,0.85,12682.0,France
489439,22064,PINK DOUGHNUT TRINKET POT ,12,2009-12-01 09:28:00,1.65,12682.0,France
489439,21731,RED TOADSTOOL LED NIGHT LIGHT,24,2009-12-01 09:28:00,1.65,12682.0,France
489439,85232B,SET/3 RUSSIAN DOLL STACKING TINS,6,2009-12-01 09:28:00,4.95,12682.0,France
489439,84691,PACK 20 DOLLY PEGS,12,2009-12-01 09:28:00,0.85,12682.0,France
489439,20749,ASSORTED COLOUR MINI CASES,2,2009-12-01 09:28:00,7.95,12682.0,France
489439,POST,POSTAGE,3,2009-12-01 09:28:00,18.0,12682.0,France
489440,22350,CAT BOWL ,8,2009-12-01 09:43:00,2.55,18087.0,United Kingdom
489440,22349,"DOG BOWL , CHASING BALL DESIGN",8,2009-12-01 09:43:00,3.75,18087.0,United Kingdom
489441,22321,BIRD DECORATION RED SPOT,12,2009-12-01 09:44:00,0.72,18087.0,United Kingdom
489441,22138,BAKING SET 9 PIECE RETROSPOT ,6,2009-12-01 09:44:00,4.25,18087.0,United Kingdom
489441,84029E,RED WOOLLY HOTTIE WHITE HEART.,36,2009-12-01 09:44:00,2.95,18087.0,United Kingdom
489441,22111,SCOTTIE DOG HOT WATER BOTTLE,48,2009-12-01 09:44:00,4.25,18087.0,United Kingdom
489442,21955,UNION JACK GUNS & ROSES  DOORMAT,2,2009-12-01 09:46:00,6.75,13635.0,United Kingdom
489442,22111,SCOTTIE DOG HOT WATER BOTTLE,3,2009-12-01 09:46:00,4.95,13635.0,United Kingdom
489442,22296,HEART IVORY TRELLIS LARGE,12,2009-12-01 09:46:00,1.65,13635.0,United Kingdom
489442,84899E,YELLOW + BROWN BEAR FELT PURSE KIT,12,2009-12-01 09:46:00,1.25,13635.0,United Kingdom
489442,22271,FELTCRAFT DOLL ROSIE,6,2009-12-01 09:46:00,2.95,13635.0,United Kingdom
489442,22272,FELTCRAFT DOLL MARIA,6,2009-12-01 09:46:00,2.95,13635.0,United Kingdom
489442,85123A,WHITE HANGING HEART T-LIGHT HOLDER,6,2009-12-01 09:46:00,2.95,13635.0,United Kingdom
489442,21582,KINGS CHOICE SMALL TUBE MATCHES,20,2009-12-01 09:46:00,1.65,13635.0,United Kingdom
489442,21586,KINGS CHOICE GIANT TUBE MATCHES,12,2009-12-01 09:46:00,2.55,13635.0,United Kingdom
489442,21590,KINGS CHOICE CIGAR BOX MATCHES ,48,2009-12-01 09:46:00,1.25,13635.0,United Kingdom
489442,22091,EMPIRE TISSUE BOX,12,2009-12-01 09:46:00,1.25,13635.0,United Kingdom
489442,84251J,"GREETING CARD, THE BLACK CAT",12,2009-12-01 09:46:00,0.42,13635.0,United Kingdom
489442,22024,RAINY LADIES BIRTHDAY CARD,12,2009-12-01 09:46:00,0.42,13635.0,United Kingdom
489442,22026,BANQUET BIRTHDAY  CARD  ,12,2009-12-01 09:46:00,0.42,13635.0,United Kingdom
489442,22029,SPACE BOY BIRTHDAY CARD,12,2009-12-01 09:46:00,0.42,13635.0,United Kingdom
489442,22025,RING OF ROSES BIRTHDAY CARD,12,2009-12-01 09:46:00,0.42,13635.0,United Kingdom
489442,22031,BOTANICAL LAVENDER BIRTHDAY CARD,12,2009-12-01 09:46:00,0.42,13635.0,United Kingdom
489442,21428,SET3 BOOK BOX GREEN GINGHAM FLOWER ,4,2009-12-01 09:46:00,4.25,13635.0,United Kingdom
489442,21430,SET/3 RED GINGHAM ROSE STORAGE BOX,4,2009-12-01 09:46:00,3.75,13635.0,United Kingdom
489442,21916,SET 12 RETRO WHITE CHALK STICKS,24,2009-12-01 09:46:00,0.42,13635.0,United Kingdom
489442,21790,VINTAGE SNAP CARDS,12,2009-12-01 09:46:00,0.85,13635.0,United Kingdom
489442,21888,BINGO SET,8,2009-12-01 09:46:00,3.75,13635.0,United Kingdom
489442,85178,VICTORIAN SEWING KIT,12,2009-12-01 09:46:00,1.25,13635.0,United Kingdom
489443,20754,RETRO RED SPOTTY WASHING UP GLOVES,6,2009-12-01 09:50:00,2.1,14110.0,United Kingdom
489443,21035,SET/2 RED SPOTTY TEA TOWELS ,12,2009-12-01 09:50:00,2.95,14110.0,United Kingdom
489443,22041,"RECORD FRAME 7"" SINGLE SIZE ",48,2009-12-01 09:50:00,2.1,14110.0,United Kingdom
489443,82001S,VINYL RECORD FRAME SILVER,24,2009-12-01 09:50:00,3.39,14110.0,United Kingdom
489443,82580,BATHROOM METAL SIGN,12,2009-12-01 09:50:00,0.55,14110.0,United Kingdom
489443,85150,LADIES & GENTLEMEN METAL SIGN,12,2009-12-01 09:50:00,2.55,14110.0,United Kingdom
489443,21041,RED SPOTTY OVEN GLOVE DOUBLE,6,2009-12-01 09:50:00,2.95,14110.0,United Kingdom
489444,POST,POSTAGE,1,2009-12-01 09:55:00,141.0,12636.0,USA
489445,35916C,PINK FELT HANGING HEART W FLOWER,12,2009-12-01 09:57:00,0.85,17519.0,United Kingdom
489445,35916B,BLUE FELT HANGING HEART W FLOWER,12,2009-12-01 09:57:00,0.85,17519.0,United Kingdom
489445,22321,BIRD DECORATION RED SPOT,24,2009-12-01 09:57:00,0.85,17519.0,United Kingdom
489445,22130,PARTY CONE CHRISTMAS DECORATION ,12,2009-12-01 09:57:00,0.85,17519.0,United Kingdom
489445,22180,RETRO SPOT LAMP,2,2009-12-01 09:57:00,9.95,17519.0,United Kingdom
489445,22128,PARTY CONES CANDY ASSORTED,12,2009-12-01 09:57:00,1.25,17519.0,United Kingdom
489445,22163,HEART STRING MEMO HOLDER HANGING,6,2009-12-01 09:57:00,2.95,17519.0,United Kingdom
489445,35951,FOLKART BAUBLE CHRISTMAS DECORATION,48,2009-12-01 09:57:00,0.38,17519.0,United Kingdom
489445,22253,6 CROCHET STRAWBERRIES,12,2009-12-01 09:57:00,1.25,17519.0,United Kingdom
489445,84988,SET OF 72 PINK HEART PAPER DOILIES,12,2009-12-01 09:57:00,1.45,17519.0,United Kingdom
489445,22219,LOVEBIRD HANGING DECORATION WHITE ,24,2009-12-01 09:57:00,0.85,17519.0,United Kingdom
489445,18097C,WHITE TALL PORCELAIN T-LIGHT HOLDER,6,2009-12-01 09:57:00,2.55,17519.0,United Kingdom
489445,22138,BAKING SET 9 PIECE RETROSPOT ,3,2009-12-01 09:57:00,4.95,17519.0,United Kingdom
489445,21299,EDWARDIAN TOILET ROLL UNIT ,1,2009-12-01 09:57:00,12.75,17519.0,United Kingdom
489445,21099,SET/6 STRAWBERRY PAPER CUPS,24,2009-12-01 09:57:00,0.65,17519.0,United Kingdom
489445,21085,SET/6 WOODLAND PAPER CUPS,24,2009-12-01 09:57:00,0.65,17519.0,United Kingdom
489445,21929,JUMBO BAG PINK VINTAGE PAISLEY,10,2009-12-01 09:57:00,1.95,17519.0,United Kingdom
489445,22241,"GARLAND , WOODEN  "" HAPPY EASTER""",24,2009-12-01 09:57:00,1.25,17519.0,United Kingdom
489445,21091,SET/6 WOODLAND PAPER PLATES,12,2009-12-01 09:57:00,0.85,17519.0,United Kingdom
489446,21733,RED HANGING HEART T-LIGHT HOLDER,32,2009-12-01 10:06:00,2.55,13758.0,United Kingdom
489446,85123A,WHITE HANGING HEART T-LIGHT HOLDER,32,2009-12-01 10:06:00,2.55,13758.0,United Kingdom
489446,22178,VICTORIAN GLASS HANGING T-LIGHT,12,2009-12-01 10:06:00,1.25,13758.0,United Kingdom
489446,22125,UNION JACK HOT WATER BOTTLE ,12,2009-12-01 10:06:00,5.95,13758.0,United Kingdom
489446,21671,RED SPOT CERAMIC DRAWER KNOB,12,2009-12-01 10:06:00,1.25,13758.0,United Kingdom
489446,22086,PAPER CHAIN KIT 50'S CHRISTMAS ,12,2009-12-01 10:06:00,2.95,13758.0,United Kingdom
489446,22111,SCOTTIE DOG HOT WATER BOTTLE,6,2009-12-01 10:06:00,4.95,13758.0,United Kingdom
489446,22112,CHOCOLATE HOT WATER BOTTLE,12,2009-12-01 10:06:00,4.95,13758.0,United Kingdom
489446,22294,HEART FILIGREE DOVE  SMALL,24,2009-12-01 10:06:00,1.25,13758.0,United Kingdom
489446,22199,FRYING PAN RED POLKADOT ,4,2009-12-01 10:06:00,4.25,13758.0,United Kingdom
489446,22083,PAPER CHAIN KIT RETRO SPOT,24,2009-12-01 10:06:00,2.95,13758.0,United Kingdom
489446,22114,HOT WATER BOTTLE TEA AND SYMPATHY,12,2009-12-01 10:06:00,3.95,13758.0,United Kingdom
489446,21485,RED SPOT HEART HOT WATER BOTTLE,12,2009-12-01 10:06:00,4.95,13758.0,United Kingdom
489446,21928,JUMBO BAG SCANDINAVIAN PAISLEY,10,2009-12-01 10:06:00,1.95,13758.0,United Kingdom
489446,21929,JUMBO BAG PINK VINTAGE PAISLEY,10,2009-12-01 10:06:00,1.95,13758.0,United Kingdom
489446,85099B,JUMBO BAG RED WHITE SPOTTY ,20,2009-12-01 10:06:00,1.95,13758.0,United Kingdom
489446,22356,"CHARLOTTE BAG , PINK/WHITE SPOTS",10,2009-12-01 10:06:00,0.85,13758.0,United Kingdom
489446,20724,RED SPOTTY CHARLOTTE BAG,10,2009-12-01 10:06:00,0.85,13758.0,United Kingdom
489446,21590,KINGS CHOICE CIGAR BOX MATCHES ,24,2009-12-01 10:06:00,1.25,13758.0,United Kingdom
489446,21592,RETRO SPOT  CIGAR BOX MATCHES ,24,2009-12-01 10:06:00,1.25,13758.0,United Kingdom
489446,20725,LUNCH BAG RED SPOTTY,10,2009-12-01 10:06:00,1.65,13758.0,United Kingdom
489446,20728,LUNCH BAG CARS BLUE,10,2009-12-01 10:06:00,1.65,13758.0,United Kingdom
489446,20726,LUNCH BAG WOODLAND,10,2009-12-01 10:06:00,1.65,13758.0,United Kingdom
489446,20754,RETRO RED SPOTTY WASHING UP GLOVES,12,2009-12-01 10:06:00,2.1,13758.0,United Kingdom
489446,21217,RED SPOTTY ROUND CAKE TINS,12,2009-12-01 10:06:00,8.95,13758.0,United Kingdom
489446,22195,LARGE HEART MEASURING SPOONS,12,2009-12-01 10:06:00,1.65,13758.0,United Kingdom
489446,85066,CREAM SWEETHEART MINI CHEST,2,2009-12-01 10:06:00,12.75,13758.0,United Kingdom
489447,POST,POSTAGE,1,2009-12-01 10:10:00,130.0,12362.0,Belgium
489448,20827,GOLD APERITIF GLASS,48,2009-12-01 10:18:00,2.12,15413.0,United Kingdom
489448,20825,GOLD WINE GLASS,48,2009-12-01 10:18:00,3.39,15413.0,United Kingdom
489448,20823,GOLD WINE GOBLET,48,2009-12-01 10:18:00,4.25,15413.0,United Kingdom
489448,20826,SILVER APERITIF GLASS,48,2009-12-01 10:18:00,2.12,15413.0,United Kingdom
489450,22087,PAPER BUNTING WHITE LACE,12,2009-12-01 10:36:00,2.95,16321.0,Australia
489450,85206A,CREAM FELT EASTER EGG BASKET,6,2009-12-01 10:36:00,1.65,16321.0,Australia
489450,21895,POTTING SHED SOW 'N' GROW SET,4,2009-12-01 10:36:00,4.25,16321.0,Australia
489450,21896,POTTING SHED TWINE,6,2009-12-01 10:36:00,2.1,16321.0,Australia
489450,22083,PAPER CHAIN KIT RETRO SPOT,12,2009-12-01 10:36:00,2.95,16321.0,Australia
489450,21871,SAVE THE PLANET MUG,12,2009-12-01 10:36:00,1.25,16321.0,Australia
489450,84946,ANTIQUE SILVER TEA GLASS ETCHED,12,2009-12-01 10:36:00,1.25,16321.0,Australia
489450,84970S,HANGING HEART ZINC T-LIGHT HOLDER,24,2009-12-01 10:36:00,0.85,16321.0,Australia
489450,22090,PAPER BUNTING RETRO SPOTS,12,2009-12-01 10:36:00,2.95,16321.0,Australia
489460,79323P,PINK CHERRY LIGHTS,8,2009-12-01 10:46:00,6.75,16167.0,United Kingdom
489460,21977,PACK OF 60 PINK PAISLEY CAKE CASES,24,2009-12-01 10:46:00,0.55,16167.0,United Kingdom
489460,84991,60 TEATIME FAIRY CAKE CASES,24,2009-12-01 10:46:00,0.55,16167.0,United Kingdom
489460,22274,FELTCRAFT DOLL EMILY,6,2009-12-01 10:46:00,2.95,16167.0,United Kingdom
489460,22273,FELTCRAFT DOLL MOLLY,6,2009-12-01 10:46:00,2.95,16167.0,United Kingdom
489460,22179,SET 10 LIGHTS NIGHT OWL,4,2009-12-01 10:46:00,6.75,16167.0,United Kingdom
489460,22320,BIRDS MOBILE VINTAGE DESIGN,3,2009-12-01 10:46:00,5.95,16167.0,United Kingdom
489460,22232,3 PIECE JIGSAW TOADSTOOLS,8,2009-12-01 10:46:00,1.65,16167.0,United Kingdom
489460,84598,BOYS ALPHABET IRON ON PATCHES,576,2009-12-01 10:46:00,0.21,16167.0,United Kingdom
489460,79323W, WHITE CHERRY LIGHTS,8,2009-12-01 10:46:00,6.75,16167.0,United Kingdom
489460,22138,BAKING SET 9 PIECE RETROSPOT ,3,2009-12-01 10:46:00,4.95,16167.0,United Kingdom
489460,22139,RETRO SPOT TEA SET CERAMIC 11 PC ,3,2009-12-01 10:46:00,4.95,16167.0,United Kingdom
489460,79323S, SILVER CHERRY LIGHTS,4,2009-12-01 10:46:00,6.75,16167.0,United Kingdom
489460,21731,RED TOADSTOOL LED NIGHT LIGHT,12,2009-12-01 10:46:00,1.65,16167.0,United Kingdom
489460,84568,GIRLS ALPHABET IRON ON PATCHES ,288,2009-12-01 10:46:00,0.21,16167.0,United Kingdom
489461,21668,RED STRIPE CERAMIC DRAWER KNOB,24,2009-12-01 10:49:00,1.25,17865.0,United Kingdom
489461,21669,BLUE STRIPE CERAMIC DRAWER KNOB,24,2009-12-01 10:49:00,1.25,17865.0,United Kingdom
489461,21670,BLUE SPOT CERAMIC DRAWER KNOB,24,2009-12-01 10:49:00,1.25,17865.0,United Kingdom
489461,21671,RED SPOT CERAMIC DRAWER KNOB,24,2009-12-01 10:49:00,1.25,17865.0,United Kingdom
489461,21672,WHITE SPOT RED CERAMIC DRAWER KNOB,24,2009-12-01 10:49:00,1.25,17865.0,United Kingdom
489461,21673,WHITE SPOT BLUE CERAMIC DRAWER KNOB,24,2009-12-01 10:49:00,1.25,17865.0,United Kingdom
489461,22125,UNION JACK HOT WATER BOTTLE ,3,2009-12-01 10:49:00,5.95,17865.0,United Kingdom
489461,21232,STRAWBERRY CERAMIC TRINKET BOX,48,2009-12-01 10:49:00,1.25,17865.0,United Kingdom
489461,85071A,BLUE CHARLIE+LOLA PERSONAL DOORSIGN,6,2009-12-01 10:49:00,2.95,17865.0,United Kingdom
489461,85071B,RED CHARLIE+LOLA PERSONAL DOORSIGN,6,2009-12-01 10:49:00,2.95,17865.0,United Kingdom
489461,21161,KEEP OUT BOYS DOOR HANGER ,12,2009-12-01 10:49:00,1.45,17865.0,United Kingdom
489461,21162,TOXIC AREA  DOOR HANGER ,12,2009-12-01 10:49:00,1.45,17865.0,United Kingdom
489461,21248,DOOR HANGER  MUM + DADS ROOM,12,2009-12-01 10:49:00,1.45,17865.0,United Kingdom
489461,21159,MOODY BOY  DOOR HANGER ,12,2009-12-01 10:49:00,1.45,17865.0,United Kingdom
489461,82582,AREA PATROLLED METAL SIGN,12,2009-12-01 10:49:00,2.1,17865.0,United Kingdom
489461,21181,PLEASE ONE PERSON  METAL SIGN,6,2009-12-01 10:49:00,2.1,17865.0,United Kingdom
489461,85150,LADIES & GENTLEMEN METAL SIGN,6,2009-12-01 10:49:00,2.55,17865.0,United Kingdom
489461,82494L,WOODEN FRAME ANTIQUE WHITE ,6,2009-12-01 10:49:00,2.95,17865.0,United Kingdom
489461,82486,WOOD S/3 CABINET ANT WHITE FINISH,2,2009-12-01 10:49:00,7.95,17865.0,United Kingdom
489461,82483,WOOD 2 DRAWER CABINET WHITE FINISH,3,2009-12-01 10:49:00,5.95,17865.0,United Kingdom
489462,90200D,PINK SWEETHEART BRACELET,3,2009-12-01 10:49:00,4.25,17592.0,United Kingdom
489462,90200E,GREEN SWEETHEART BRACELET,3,2009-12-01 10:49:00,4.25,17592.0,United Kingdom
489461,21212,PACK OF 72 RETRO SPOT CAKE CASES,24,2009-12-01 10:49:00,0.55,17865.0,United Kingdom
489461,84991,60 TEATIME FAIRY CAKE CASES,24,2009-12-01 10:49:00,0.55,17865.0,United Kingdom
489461,22180,RETRO SPOT LAMP,2,2009-12-01 10:49:00,9.95,17865.0,United Kingdom
489461,72756,FAIRY CAKE CANDLES,27,2009-12-01 10:49:00,1.49,17865.0,United Kingdom
489461,22063,CERAMIC BOWL WITH STRAWBERRY DESIGN,6,2009-12-01 10:49:00,2.95,17865.0,United Kingdom
489461,37450,CERAMIC CAKE BOWL + HANGING CAKES,6,2009-12-01 10:49:00,2.95,17865.0,United Kingdom
489462,90200A,PURPLE SWEETHEART BRACELET,3,2009-12-01 10:49:00,4.25,17592.0,United Kingdom
489462,90200C,BLUE SWEETHEART BRACELET,3,2009-12-01 10:49:00,4.25,17592.0,United Kingdom
489462,90200B,BLACK SWEETHEART BRACELET,3,2009-12-01 10:49:00,4.25,17592.0,United Kingdom
489462,90185C,BLACK DIAMANTE EXPANDABLE RING,3,2009-12-01 10:49:00,4.25,17592.0,United Kingdom
489462,90185B,AMETHYST DIAMANTE EXPANDABLE RING,3,2009-12-01 10:49:00,4.25,17592.0,United Kingdom
489462,90003C,MIDNIGHT BLUE PAIR HEART HAIR SLIDE,3,2009-12-01 10:49:00,3.75,17592.0,United Kingdom
489462,90003D,CRYSTAL PAIR HEART HAIR SLIDES,3,2009-12-01 10:49:00,3.75,17592.0,United Kingdom
489462,90003B,ROSE COLOUR PAIR HEART HAIR SLIDES,3,2009-12-01 10:49:00,3.75,17592.0,United Kingdom
489462,90209C,PINK ENAMEL+GLASS HAIR COMB,3,2009-12-01 10:49:00,2.1,17592.0,United Kingdom
489462,90209A,PURPLE ENAMEL+GLASS HAIR COMB,3,2009-12-01 10:49:00,2.1,17592.0,United Kingdom
489462,90082D,DIAMANTE BOW BROOCH BLACK COLOUR,2,2009-12-01 10:49:00,6.35,17592.0,United Kingdom
489465,21707,"FOLDING UMBRELLA , BLACK/BLUE  SPOT",12,2009-12-01 10:52:00,4.95,13767.0,United Kingdom
489465,21710,FOLDING UMBRELLA  PINK/WHITE  SPOT,12,2009-12-01 10:52:00,4.95,13767.0,United Kingdom
489465,21708,FOLDING UMBRELLA  CREAM/MULTI  SPOT,12,2009-12-01 10:52:00,4.95,13767.0,United Kingdom
489465,21706,"FOLDING UMBRELLA , RED/WHITE SPOT",12,2009-12-01 10:52:00,4.95,13767.0,United Kingdom
489465,21711,FOLDING UMBRELLA  WHITE/RED  SPOT,12,2009-12-01 10:52:00,4.95,13767.0,United Kingdom
489465,20747,PICCADILLY TEA SET,4,2009-12-01 10:52:00,14.95,13767.0,United Kingdom
489465,22125,UNION JACK HOT WATER BOTTLE ,12,2009-12-01 10:52:00,5.95,13767.0,United Kingdom
489465,85123A,WHITE HANGING HEART T-LIGHT HOLDER,64,2009-12-01 10:52:00,2.55,13767.0,United Kingdom
489465,21733,RED HANGING HEART T-LIGHT HOLDER,20,2009-12-01 10:52:00,2.95,13767.0,United Kingdom
489465,20752,RETRO BLUE SPOTTY WASHING UP GLOVES,8,2009-12-01 10:52:00,2.1,13767.0,United Kingdom
489465,20753,RETRO PINK SPOT WASHING UP GLOVES,8,2009-12-01 10:52:00,2.1,13767.0,United Kingdom
489465,20754,RETRO RED SPOTTY WASHING UP GLOVES,8,2009-12-01 10:52:00,2.1,13767.0,United Kingdom
489465,20751,FUNKY WASHING UP GLOVES ASSORTED,12,2009-12-01 10:52:00,2.1,13767.0,United Kingdom
489465,48185,DOOR MAT FAIRY CAKE,4,2009-12-01 10:52:00,6.75,13767.0,United Kingdom
489465,22114,HOT WATER BOTTLE TEA AND SYMPATHY,12,2009-12-01 10:52:00,3.95,13767.0,United Kingdom
489465,21481,FAWN BLUE HOT WATER BOTTLE,8,2009-12-01 10:52:00,2.95,13767.0,United Kingdom
489465,85042,ANTIQUE LILY FAIRY LIGHTS,24,2009-12-01 10:52:00,4.25,13767.0,United Kingdom
489465,72760B,VINTAGE CREAM 3 BASKET CAKE STAND,4,2009-12-01 10:52:00,9.95,13767.0,United Kingdom
489465,84879,ASSORTED COLOUR BIRD ORNAMENT,160,2009-12-01 10:52:00,1.45,13767.0,United Kingdom
489488,84031B,CHARLIE LOLA BLUE HOT WATER BOTTLE ,1,2009-12-01 10:59:00,4.65,17238.0,United Kingdom
489488,84032A,CHARLIE+LOLA PINK HOT WATER BOTTLE,1,2009-12-01 10:59:00,2.95,17238.0,United Kingdom
489488,84032B,CHARLIE + LOLA RED HOT WATER BOTTLE,1,2009-12-01 10:59:00,2.95,17238.0,United Kingdom
489488,22125,UNION JACK HOT WATER BOTTLE ,2,2009-12-01 10:59:00,5.95,17238.0,United Kingdom
489488,21482,MUSHROOM BLUE HOT WATER BOTTLE,2,2009-12-01 10:59:00,2.95,17238.0,United Kingdom
489488,21484,CHICK GREY HOT WATER BOTTLE,3,2009-12-01 10:59:00,3.45,17238.0,United Kingdom
489488,20967,GREY FLORAL FELTCRAFT SHOULDER BAG,1,2009-12-01 10:59:00,3.75,17238.0,United Kingdom
489488,20970,PINK FLORAL FELTCRAFT SHOULDER BAG,2,2009-12-01 10:59:00,3.75,17238.0,United Kingdom
489488,21100,CHARLIE AND LOLA CHARLOTTE BAG,2,2009-12-01 10:59:00,1.65,17238.0,United Kingdom
489488,84582,PINK CROCHET CAT WITH SCARF,2,2009-12-01 10:59:00,4.25,17238.0,United Kingdom
489488,20972,PINK CREAM FELT CRAFT TRINKET BOX ,3,2009-12-01 10:59:00,1.25,17238.0,United Kingdom
489488,20971,PINK BLUE FELT CRAFT TRINKET BOX,1,2009-12-01 10:59:00,1.25,17238.0,United Kingdom
489488,84327A,PINK JUMPER LARRY THE LAMB,2,2009-12-01 10:59:00,2.1,17238.0,United Kingdom
489488,22125,UNION JACK HOT WATER BOTTLE ,1,2009-12-01 10:59:00,5.95,17238.0,United Kingdom
489488,21490,SET OF THREE 50'S GIFT WRAPS ,3,2009-12-01 10:59:00,1.95,17238.0,United Kingdom
489488,21063,PARTY INVITES JAZZ HEARTS,4,2009-12-01 10:59:00,0.85,17238.0,United Kingdom
489488,21058,PARTY INVITES WOODLAND,3,2009-12-01 10:59:00,0.85,17238.0,United Kingdom
489488,22086,PAPER CHAIN KIT 50'S CHRISTMAS ,5,2009-12-01 10:59:00,2.95,17238.0,United Kingdom
489488,84997D,PINK 3 PIECE MINI DOTS CUTLERY SET,4,2009-12-01 10:59:00,3.75,17238.0,United Kingdom
489488,84997C,BLUE 3 PIECE MINI DOTS CUTLERY SET,4,2009-12-01 10:59:00,3.75,17238.0,United Kingdom
489488,22301,COFFEE MUG CAT + BIRD DESIGN,2,2009-12-01 10:59:00,2.55,17238.0,United Kingdom
489488,22300,COFFEE MUG DOG + BALL DESIGN,3,2009-12-01 10:59:00,2.55,17238.0,United Kingdom
489488,21493, VINTAGE DESIGN GIFT TAGS,6,2009-12-01 10:59:00,0.85,17238.0,United Kingdom
489488,21231,SWEETHEART CERAMIC TRINKET BOX,4,2009-12-01 10:59:00,1.25,17238.0,United Kingdom
489488,20870,OPULENT VELVET CANDLE IN BOX,6,2009-12-01 10:59:00,2.1,17238.0,United Kingdom
489488,90121B,VINTAGE ROSE BEAD BRACELET BLUE,4,2009-12-01 10:59:00,4.25,17238.0,United Kingdom
489488,90175A,WHITE GLASS CHUNKY CHARM BRACELET,2,2009-12-01 10:59:00,8.95,17238.0,United Kingdom
489488,90195B,BLACK GEMSTONE BRACELET,2,2009-12-01 10:59:00,8.95,17238.0,United Kingdom
489488,90062,CARNIVAL BRACELET,2,2009-12-01 10:59:00,12.75,17238.0,United Kingdom
489488,21930,JUMBO STORAGE BAG SKULLS,2,2009-12-01 10:59:00,1.95,17238.0,United Kingdom
489505,21472,LADYBIRD + BEE RAFFIA FOOD COVER,6,2009-12-01 11:17:00,3.75,15712.0,United Kingdom
489505,85099B,JUMBO BAG RED WHITE SPOTTY ,10,2009-12-01 11:17:00,1.95,15712.0,United Kingdom
489505,48185,DOOR MAT FAIRY CAKE,10,2009-12-01 11:17:00,5.95,15712.0,United Kingdom
489505,47566B,TEA TIME PARTY BUNTING,5,2009-12-01 11:17:00,4.65,15712.0,United Kingdom
489505,21929,JUMBO BAG PINK VINTAGE PAISLEY,10,2009-12-01 11:17:00,1.95,15712.0,United Kingdom
489505,22139,RETRO SPOT TEA SET CERAMIC 11 PC ,6,2009-12-01 11:17:00,4.95,15712.0,United Kingdom
489505,22086,PAPER CHAIN KIT 50'S CHRISTMAS ,6,2009-12-01 11:17:00,2.95,15712.0,United Kingdom
489505,22275,WEEKEND BAG VINTAGE ROSE PAISLEY,4,2009-12-01 11:17:00,8.5,15712.0,United Kingdom
489505,22138,BAKING SET 9 PIECE RETROSPOT ,3,2009-12-01 11:17:00,4.95,15712.0,United Kingdom
489505,21479,WHITE SKULL HOT WATER BOTTLE ,4,2009-12-01 11:17:00,3.75,15712.0,United Kingdom
489514,21791,VINTAGE HEADS AND TAILS CARD GAME ,72,2009-12-01 11:21:00,1.06,15311.0,United Kingdom
489514,84032A,CHARLIE+LOLA PINK HOT WATER BOTTLE,36,2009-12-01 11:21:00,2.55,15311.0,United Kingdom
489514,85042,ANTIQUE LILY FAIRY LIGHTS,24,2009-12-01 11:21:00,4.25,15311.0,United Kingdom
489514,71477,COLOUR GLASS. STAR T-LIGHT HOLDER,24,2009-12-01 11:21:00,2.75,15311.0,United Kingdom
489514,37449,CERAMIC CAKE STAND + HANGING CAKES,8,2009-12-01 11:21:00,8.5,15311.0,United Kingdom
489514,37446,MINI CAKE STAND WITH HANGING CAKES,32,2009-12-01 11:21:00,1.25,15311.0,United Kingdom
489514,21955,UNION JACK GUNS & ROSES  DOORMAT,10,2009-12-01 11:21:00,5.95,15311.0,United Kingdom
489514,21258,VICTORIAN SEWING BOX LARGE,8,2009-12-01 11:21:00,10.95,15311.0,United Kingdom
489514,20892,SET/3 TALL GLASS CANDLE HOLDER PINK,8,2009-12-01 11:21:00,3.95,15311.0,United Kingdom
489514,47591D,PINK FAIRY CAKE CHILD'S APRON,50,2009-12-01 11:21:00,1.65,15311.0,United Kingdom
489514,21867,PINK UNION JACK  LUGGAGE TAG,1,2009-12-01 11:21:00,1.25,15311.0,United Kingdom
489514,21041,RED SPOTTY OVEN GLOVE DOUBLE,5,2009-12-01 11:21:00,2.95,15311.0,United Kingdom
489514,82551,LAUNDRY 15C METAL SIGN,2,2009-12-01 11:21:00,1.25,15311.0,United Kingdom
489514,82567,"AIRLINE LOUNGE,METAL SIGN",1,2009-12-01 11:21:00,2.1,15311.0,United Kingdom
489514,21161,KEEP OUT BOYS DOOR HANGER ,3,2009-12-01 11:21:00,1.45,15311.0,United Kingdom
489514,82613D,METAL SIGN CUPCAKE SINGLE HOOK,2,2009-12-01 11:21:00,1.25,15311.0,United Kingdom
489514,21179,NO JUNK MAIL METAL SIGN,2,2009-12-01 11:21:00,1.25,15311.0,United Kingdom
489514,21865,PINK UNION JACK  PASSPORT COVER ,3,2009-12-01 11:21:00,2.1,15311.0,United Kingdom
489514,72783,BLACK SIL'T SQU CANDLE PLATE ,2,2009-12-01 11:21:00,2.1,15311.0,United Kingdom
489514,20719,WOODLAND CHARLOTTE BAG,3,2009-12-01 11:21:00,0.85,15311.0,United Kingdom
489514,21869,POTTING SHED COFFEE MUG,2,2009-12-01 11:21:00,1.25,15311.0,United Kingdom
489514,21876,POTTERING MUG,2,2009-12-01 11:21:00,1.25,15311.0,United Kingdom
489514,20754,RETRO RED SPOTTY WASHING UP GLOVES,3,2009-12-01 11:21:00,2.1,15311.0,United Kingdom
489514,84849B,FAIRY SOAP SOAP HOLDER,2,2009-12-01 11:21:00,1.69,15311.0,United Kingdom
489514,21864,UNION JACK FLAG PASSPORT COVER ,5,2009-12-01 11:21:00,2.1,15311.0,United Kingdom
489514,21470,FLOWER VINE RAFFIA FOOD COVER,2,2009-12-01 11:21:00,3.75,15311.0,United Kingdom
489514,20897,VINTAGE NOTEBOOK PARIS DAYS,2,2009-12-01 11:21:00,2.95,15311.0,United Kingdom
489514,44230,SQUARE MIRROR CURTAIN,1,2009-12-01 11:21:00,7.95,15311.0,United Kingdom
489514,37485,ENGLISH ROSE TEA SET IN GIFT BOX,2,2009-12-01 11:21:00,4.65,15311.0,United Kingdom
489514,84997A,GREEN 3 PIECE MINI DOTS CUTLERY SET,3,2009-12-01 11:21:00,3.75,15311.0,United Kingdom
489514,21245,GREEN  SPOTTY PLATE ,3,2009-12-01 11:21:00,1.69,15311.0,United Kingdom
489514,21241,GREEN SPOTTY CUP,3,2009-12-01 11:21:00,0.85,15311.0,United Kingdom
489517,21705,BAG 500g SWIRLY MARBLES,1,2009-12-01 11:34:00,1.65,16329.0,United Kingdom
489517,21913,VINTAGE SEASIDE JIGSAW PUZZLES,1,2009-12-01 11:34:00,3.75,16329.0,United Kingdom
489517,21912,VINTAGE SNAKES & LADDERS,1,2009-12-01 11:34:00,3.75,16329.0,United Kingdom
489517,16207A,PINK STRAWBERRY HANDBAG ,2,2009-12-01 11:34:00,2.95,16329.0,United Kingdom
489517,21821,GLITTER STAR GARLAND WITH BELLS ,1,2009-12-01 11:34:00,3.75,16329.0,United Kingdom
489517,85123A,WHITE HANGING HEART T-LIGHT HOLDER,1,2009-12-01 11:34:00,2.95,16329.0,United Kingdom
489517,22319,HAIRCLIPS FORTIES FABRIC ASSORTED,12,2009-12-01 11:34:00,0.65,16329.0,United Kingdom
489517,22130,PARTY CONE CHRISTMAS DECORATION ,6,2009-12-01 11:34:00,0.85,16329.0,United Kingdom
489517,21584,RETRO SPOT SMALL TUBE MATCHES,20,2009-12-01 11:34:00,1.65,16329.0,United Kingdom
489517,20972,PINK CREAM FELT CRAFT TRINKET BOX ,1,2009-12-01 11:34:00,1.25,16329.0,United Kingdom
489517,21791,VINTAGE HEADS AND TAILS CARD GAME ,6,2009-12-01 11:34:00,1.25,16329.0,United Kingdom
489517,21790,VINTAGE SNAP CARDS,4,2009-12-01 11:34:00,0.85,16329.0,United Kingdom
489517,21931,JUMBO STORAGE BAG SUKI,1,2009-12-01 11:34:00,1.95,16329.0,United Kingdom
489517,20711,JUMBO BAG TOYS ,1,2009-12-01 11:34:00,1.95,16329.0,United Kingdom
489517,47591A,CAROUSEL DES CHILD'S APRON,1,2009-12-01 11:34:00,1.65,16329.0,United Kingdom
489517,84997B,RED 3 PIECE MINI DOTS CUTLERY SET,12,2009-12-01 11:34:00,3.75,16329.0,United Kingdom
489517,84997A,GREEN 3 PIECE MINI DOTS CUTLERY SET,12,2009-12-01 11:34:00,3.75,16329.0,United Kingdom
489517,21491,SET OF THREE VINTAGE GIFT WRAPS,1,2009-12-01 11:34:00,1.95,16329.0,United Kingdom
489517,22122,SET OF 2 FANCY FONT TEA TOWELS,12,2009-12-01 11:34:00,2.95,16329.0,United Kingdom
489517,20971,PINK BLUE FELT CRAFT TRINKET BOX,1,2009-12-01 11:34:00,1.25,16329.0,United Kingdom
489517,21252,SET OF MEADOW  FLOWER STICKERS,1,2009-12-01 11:34:00,2.95,16329.0,United Kingdom
489517,21837,CROSS STITCH ALPHABET CUSHION COVER,2,2009-12-01 11:34:00,5.95,16329.0,United Kingdom
489517,84951A,S/4 PISTACHIO LOVEBIRD COASTERS,1,2009-12-01 11:34:00,2.55,16329.0,United Kingdom
489517,22335,HEART DECORATION PAINTED ZINC ,1,2009-12-01 11:34:00,0.65,16329.0,United Kingdom
489517,21791,VINTAGE HEADS AND TAILS CARD GAME ,1,2009-12-01 11:34:00,1.25,16329.0,United Kingdom
489517,21790,VINTAGE SNAP CARDS,1,2009-12-01 11:34:00,0.85,16329.0,United Kingdom
489517,85129A,"WHITE PEARL BEADED HEART, SMALL",1,2009-12-01 11:34:00,1.25,16329.0,United Kingdom
489517,84791,GINGHAM HEART DECORATION,1,2009-12-01 11:34:00,2.95,16329.0,United Kingdom
489517,21244,BLUE  SPOTTY PLATE ,4,2009-12-01 11:34:00,1.69,16329.0,United Kingdom
489517,20675,BLUE SPOTTY BOWL,4,2009-12-01 11:34:00,1.25,16329.0,United Kingdom
489519,22086,PAPER CHAIN KIT 50'S CHRISTMAS ,12,2009-12-01 11:37:00,2.95,17700.0,United Kingdom
489519,85123A,WHITE HANGING HEART T-LIGHT HOLDER,32,2009-12-01 11:37:00,2.55,17700.0,United Kingdom
489519,82616B,FRAPPUCINO SCARF KNITTING KIT,6,2009-12-01 11:37:00,2.95,17700.0,United Kingdom
489519,22276,WASH BAG VINTAGE ROSE PAISLEY,6,2009-12-01 11:37:00,2.55,17700.0,United Kingdom
489519,84912B,GREEN ROSE WASHBAG,4,2009-12-01 11:37:00,3.75,17700.0,United Kingdom
489519,85014C,BLUE/BROWN DOTS RUFFLED UMBRELLA,3,2009-12-01 11:37:00,5.95,17700.0,United Kingdom
489519,85014A,BLACK/BLUE DOTS RUFFLED UMBRELLA,3,2009-12-01 11:37:00,5.95,17700.0,United Kingdom
489519,85014B,RED/WHITE DOTS RUFFLED UMBRELLA,3,2009-12-01 11:37:00,5.95,17700.0,United Kingdom
489519,85014D,PINK/BROWN DOTS RUFFLED UMBRELLA,3,2009-12-01 11:37:00,5.95,17700.0,United Kingdom
489519,21326,AGED GLASS SILVER T-LIGHT HOLDER,12,2009-12-01 11:37:00,0.65,17700.0,United Kingdom
489519,84946,ANTIQUE SILVER TEA GLASS ETCHED,12,2009-12-01 11:37:00,1.25,17700.0,United Kingdom
489519,84949,SILVER HANGING T-LIGHT HOLDER,6,2009-12-01 11:37:00,1.65,17700.0,United Kingdom
489519,21491,SET OF THREE VINTAGE GIFT WRAPS,6,2009-12-01 11:37:00,1.95,17700.0,United Kingdom
489519,21908,CHOCOLATE THIS WAY METAL SIGN,6,2009-12-01 11:37:00,2.1,17700.0,United Kingdom
489519,21181,PLEASE ONE PERSON  METAL SIGN,6,2009-12-01 11:37:00,2.1,17700.0,United Kingdom
489519,82483,WOOD 2 DRAWER CABINET WHITE FINISH,3,2009-12-01 11:37:00,5.95,17700.0,United Kingdom
489519,79323S, SILVER CHERRY LIGHTS,4,2009-12-01 11:37:00,6.75,17700.0,United Kingdom
489519,21371,MIRRORED WALL ART POPPIES,6,2009-12-01 11:37:00,2.55,17700.0,United Kingdom
489519,85152,HAND OVER THE CHOCOLATE   SIGN ,6,2009-12-01 11:37:00,2.1,17700.0,United Kingdom
489519,21133,PAINTED BIRD ASSORTED CHRISTMAS,12,2009-12-01 11:37:00,1.69,17700.0,United Kingdom
489519,20984,12 PENCILS TALL TUBE POSY,12,2009-12-01 11:37:00,0.85,17700.0,United Kingdom
489519,20982,12 PENCILS TALL TUBE SKULLS,12,2009-12-01 11:37:00,0.85,17700.0,United Kingdom
489519,84971L,LARGE HEART FLOWERS HOOK   ,12,2009-12-01 11:37:00,1.25,17700.0,United Kingdom
489519,21912,VINTAGE SNAKES & LADDERS,8,2009-12-01 11:37:00,3.75,17700.0,United Kingdom
489519,90168,2 DAISIES HAIR COMB,6,2009-12-01 11:37:00,2.95,17700.0,United Kingdom
489519,84884A,ANT WHITE WIRE HEART SPIRAL,5,2009-12-01 11:37:00,3.95,17700.0,United Kingdom
489519,79323W, WHITE CHERRY LIGHTS,4,2009-12-01 11:37:00,6.75,17700.0,United Kingdom
489519,90013C,GREEN VINTAGE EARRINGS ,4,2009-12-01 11:37:00,3.75,17700.0,United Kingdom
489519,90023,FILIGREE DIAMANTE EARRINGS,2,2009-12-01 11:37:00,4.25,17700.0,United Kingdom
489519,90067A,PINK VINTAGE VICTORIAN EARRINGS,6,2009-12-01 11:37:00,2.95,17700.0,United Kingdom
489519,90067B,BROWN VINTAGE VICTORIAN EARRINGS,6,2009-12-01 11:37:00,2.95,17700.0,United Kingdom
489519,90145,SILVER HOOP EARRINGS WITH FLOWER,2,2009-12-01 11:37:00,5.95,17700.0,United Kingdom
489519,90000A,RASPBERRY ANT COPPER FLOWER NECKLAC,2,2009-12-01 11:37:00,5.95,17700.0,United Kingdom
489519,90024B,NEW BAROQUE B'FLY NECKLACE RED,2,2009-12-01 11:37:00,8.5,17700.0,United Kingdom
489519,90036D,"FLOWER GLASS GARLAND NECKL.36""BLACK",3,2009-12-01 11:37:00,7.95,17700.0,United Kingdom
489519,90134,OLD ROSE COMBO BEAD NECKLACE,6,2009-12-01 11:37:00,2.95,17700.0,United Kingdom
489519,90131,PINK/AMETHYST/GOLD NECKLACE,2,2009-12-01 11:37:00,6.95,17700.0,United Kingdom
489519,90199C,5 STRAND GLASS NECKLACE CRYSTAL,2,2009-12-01 11:37:00,6.35,17700.0,United Kingdom
489520,35751C,PURPLE CURRENT CANDLE RING,12,2009-12-01 11:41:00,0.75,14911.0,EIRE
489520,72739B,WHITE CHOCOLATE SCENT CANDLE,12,2009-12-01 11:41:00,1.25,14911.0,EIRE
489520,22114,HOT WATER BOTTLE TEA AND SYMPATHY,8,2009-12-01 11:41:00,3.95,14911.0,EIRE
489520,22212,FOUR HOOK  WHITE LOVEBIRDS,6,2009-12-01 11:41:00,2.1,14911.0,EIRE
489520,21523,FANCY FONT HOME SWEET HOME DOORMAT,2,2009-12-01 11:41:00,6.75,14911.0,EIRE
489520,48187,DOOR MAT NEW ENGLAND,2,2009-12-01 11:41:00,6.75,14911.0,EIRE
489520,48195,DOOR MAT GREEN PAISLEY ,2,2009-12-01 11:41:00,6.75,14911.0,EIRE
489520,72741,GRAND CHOCOLATECANDLE,36,2009-12-01 11:41:00,1.45,14911.0,EIRE
489520,85232D,SET/3 DECOUPAGE STACKING TINS,3,2009-12-01 11:41:00,4.95,14911.0,EIRE
489520,20828,GLITTER BUTTERFLY CLIPS,6,2009-12-01 11:41:00,2.55,14911.0,EIRE
489520,22080,RIBBON REEL SPOTS DESIGN ,10,2009-12-01 11:41:00,1.65,14911.0,EIRE
489520,22082,RIBBON REEL STRIPES DESIGN ,10,2009-12-01 11:41:00,1.65,14911.0,EIRE
489520,21754,HOME BUILDING BLOCK WORD,6,2009-12-01 11:41:00,5.95,14911.0,EIRE
489520,21784,SHOE SHINE BOX ,4,2009-12-01 11:41:00,9.95,14911.0,EIRE
489520,21172,PARTY METAL SIGN ,12,2009-12-01 11:41:00,1.45,14911.0,EIRE
489520,21181,PLEASE ONE PERSON  METAL SIGN,6,2009-12-01 11:41:00,2.1,14911.0,EIRE
489520,82600,NO SINGING METAL SIGN,12,2009-12-01 11:41:00,2.1,14911.0,EIRE
489520,22282,12 EGG HOUSE PAINTED WOOD,4,2009-12-01 11:41:00,12.75,14911.0,EIRE
489520,21842,PINK HEART CANDY BUTTON CALCULATOR,54,2009-12-01 11:41:00,2.55,14911.0,EIRE
489520,22089,PAPER BUNTING VINTAGE PAISLEY,6,2009-12-01 11:41:00,2.95,14911.0,EIRE
489520,21430,SET/3 RED GINGHAM ROSE STORAGE BOX,4,2009-12-01 11:41:00,3.75,14911.0,EIRE
489520,20734,SILVER MINI TAPE MEASURE ,10,2009-12-01 11:41:00,0.85,14911.0,EIRE
489520,21133,PAINTED BIRD ASSORTED CHRISTMAS,12,2009-12-01 11:41:00,1.69,14911.0,EIRE
489520,35071,ASSORTED SANTA CHRISTMAS DECORATION,12,2009-12-01 11:41:00,0.85,14911.0,EIRE
489520,22083,PAPER CHAIN KIT RETRO SPOT,6,2009-12-01 11:41:00,2.95,14911.0,EIRE
489520,22086,PAPER CHAIN KIT 50'S CHRISTMAS ,6,2009-12-01 11:41:00,2.95,14911.0,EIRE
489520,22121,NOEL WOODEN BLOCK LETTERS ,3,2009-12-01 11:41:00,5.95,14911.0,EIRE
489520,21485,RED SPOT HEART HOT WATER BOTTLE,3,2009-12-01 11:41:00,4.95,14911.0,EIRE
489520,84836,ZINC METAL HEART DECORATION,12,2009-12-01 11:41:00,1.25,14911.0,EIRE
489520,22122,SET OF 2 FANCY FONT TEA TOWELS,12,2009-12-01 11:41:00,2.95,14911.0,EIRE
489522,21916,SET 12 RETRO WHITE CHALK STICKS,3,2009-12-01 11:45:00,0.42,15998.0,United Kingdom
489522,72760B,VINTAGE CREAM 3 BASKET CAKE STAND,1,2009-12-01 11:45:00,9.95,15998.0,United Kingdom
489522,37492A,YELLOW RED FLOWER PIGGY BANK,1,2009-12-01 11:45:00,4.65,15998.0,United Kingdom
489522,21479,WHITE SKULL HOT WATER BOTTLE ,2,2009-12-01 11:45:00,3.75,15998.0,United Kingdom
489522,10133,COLOURING PENCILS BROWN TUBE,6,2009-12-01 11:45:00,0.85,15998.0,United Kingdom
489522,22113,GREY HEART HOT WATER BOTTLE,4,2009-12-01 11:45:00,3.45,15998.0,United Kingdom
489522,20782,CAMOUFLAGE EAR MUFF HEADPHONES,1,2009-12-01 11:45:00,5.49,15998.0,United Kingdom
489522,22190,LOCAL CAFE MUG,1,2009-12-01 11:45:00,2.1,15998.0,United Kingdom
489522,22111,SCOTTIE DOG HOT WATER BOTTLE,2,2009-12-01 11:45:00,4.95,15998.0,United Kingdom
489522,84029G,KNITTED UNION FLAG HOT WATER BOTTLE,1,2009-12-01 11:45:00,3.75,15998.0,United Kingdom
489522,22114,HOT WATER BOTTLE TEA AND SYMPATHY,1,2009-12-01 11:45:00,3.95,15998.0,United Kingdom
489522,21489,BLUE WHITE SCARF HOT WATER BOTTLE,1,2009-12-01 11:45:00,3.95,15998.0,United Kingdom
489522,20987,GEISHA GIRL CHOPSTICKS SET/5,6,2009-12-01 11:45:00,1.95,15998.0,United Kingdom
489522,20989,URBAN CHIC CHOPSTICKS SET/5,2,2009-12-01 11:45:00,1.95,15998.0,United Kingdom
489522,21868,POTTING SHED TEA MUG,1,2009-12-01 11:45:00,1.25,15998.0,United Kingdom
489522,21875,KINGS CHOICE MUG,1,2009-12-01 11:45:00,1.25,15998.0,United Kingdom
489522,21869,POTTING SHED COFFEE MUG,1,2009-12-01 11:45:00,1.25,15998.0,United Kingdom
489522,21826,EIGHT PIECE DINOSAUR SET,3,2009-12-01 11:45:00,1.25,15998.0,United Kingdom
489522,21827,EIGHT PIECE CREEPY CRAWLIE SET,3,2009-12-01 11:45:00,1.25,15998.0,United Kingdom
489522,21828,EIGHT PIECE SNAKE  SET,3,2009-12-01 11:45:00,1.25,15998.0,United Kingdom
489522,16225,RATTLE SNAKE EGGS,4,2009-12-01 11:45:00,1.25,15998.0,United Kingdom
489522,21829,DINOSAUR KEYRINGS ASSORTED,36,2009-12-01 11:45:00,0.21,15998.0,United Kingdom
489522,21582,KINGS CHOICE SMALL TUBE MATCHES,2,2009-12-01 11:45:00,1.65,15998.0,United Kingdom
489522,21584,RETRO SPOT SMALL TUBE MATCHES,2,2009-12-01 11:45:00,1.65,15998.0,United Kingdom
489522,21638,ASSORTED TUTTI FRUTTI NOTEBOOK,6,2009-12-01 11:45:00,2.1,15998.0,United Kingdom
489522,35400,WOODEN BOX ADVENT CALENDAR ,2,2009-12-01 11:45:00,8.95,15998.0,United Kingdom
489522,22218,CAKE STAND LACE WHITE,1,2009-12-01 11:45:00,4.25,15998.0,United Kingdom
489522,22222,CAKE PLATE LOVEBIRD WHITE,1,2009-12-01 11:45:00,4.95,15998.0,United Kingdom
489522,22300,COFFEE MUG DOG + BALL DESIGN,3,2009-12-01 11:45:00,2.55,15998.0,United Kingdom
489522,22301,COFFEE MUG CAT + BIRD DESIGN,3,2009-12-01 11:45:00,2.55,15998.0,United Kingdom
489522,22305,COFFEE MUG PINK PAISLEY DESIGN,3,2009-12-01 11:45:00,2.55,15998.0,United Kingdom
489522,22304,COFFEE MUG BLUE PAISLEY DESIGN,3,2009-12-01 11:45:00,2.55,15998.0,United Kingdom
489522,22302,COFFEE MUG PEARS  DESIGN,3,2009-12-01 11:45:00,2.55,15998.0,United Kingdom
489522,22303,COFFEE MUG APPLES DESIGN,3,2009-12-01 11:45:00,2.55,15998.0,United Kingdom
489522,22127,PARTY CONES CARNIVAL ASSORTED,6,2009-12-01 11:45:00,1.25,15998.0,United Kingdom
489522,22130,PARTY CONE CHRISTMAS DECORATION ,24,2009-12-01 11:45:00,0.85,15998.0,United Kingdom
489522,21143,ANTIQUE GLASS HEART DECORATION ,7,2009-12-01 11:45:00,1.95,15998.0,United Kingdom
489522,21639,ASSORTED TUTTI FRUTTI KEYRING,10,2009-12-01 11:45:00,0.85,15998.0,United Kingdom
489522,22154,ANGEL DECORATION 3 BUTTONS ,6,2009-12-01 11:45:00,0.42,15998.0,United Kingdom
489522,22155,STAR DECORATION RUSTIC,6,2009-12-01 11:45:00,0.42,15998.0,United Kingdom
489522,22294,HEART FILIGREE DOVE  SMALL,6,2009-12-01 11:45:00,1.25,15998.0,United Kingdom
489522,21133,PAINTED BIRD ASSORTED CHRISTMAS,6,2009-12-01 11:45:00,1.69,15998.0,United Kingdom
489522,21889,WOODEN BOX OF DOMINOES,2,2009-12-01 11:45:00,1.25,15998.0,United Kingdom
489522,85045,GREEN CHRISTMAS TREE STRING 20LIGHT,2,2009-12-01 11:45:00,4.95,15998.0,United Kingdom
489522,85044,RED REINDEER STRING OF 20 LIGHTS,2,2009-12-01 11:45:00,4.95,15998.0,United Kingdom
489522,21888,BINGO SET,3,2009-12-01 11:45:00,3.75,15998.0,United Kingdom
489522,21587,COSY HOUR GIANT TUBE MATCHES,6,2009-12-01 11:45:00,2.55,15998.0,United Kingdom
489522,21588,RETRO SPOT GIANT  TUBE MATCHES,2,2009-12-01 11:45:00,2.55,15998.0,United Kingdom
489522,21586,KINGS CHOICE GIANT TUBE MATCHES,4,2009-12-01 11:45:00,2.55,15998.0,United Kingdom
489522,21818,GLITTER CHRISTMAS HEART ,6,2009-12-01 11:45:00,0.85,15998.0,United Kingdom
489522,21819,GLITTER CHRISTMAS STAR ,6,2009-12-01 11:45:00,0.85,15998.0,United Kingdom
489522,21817,GLITTER CHRISTMAS TREE,6,2009-12-01 11:45:00,0.85,15998.0,United Kingdom
489522,48111,DOOR MAT 3 SMILEY CATS,1,2009-12-01 11:45:00,6.75,15998.0,United Kingdom
489522,20685,RED SPOTTY COIR DOORMAT,1,2009-12-01 11:45:00,6.75,15998.0,United Kingdom
489522,48194,DOORMAT HEARTS,1,2009-12-01 11:45:00,6.75,15998.0,United Kingdom
489522,21495,SKULLS WRAP,25,2009-12-01 11:45:00,0.42,15998.0,United Kingdom
489522,47505,MINATURE COLOURED GARDENING SET,2,2009-12-01 11:45:00,4.95,15998.0,United Kingdom
489522,10135,COLOURING PENCILS BROWN TUBE,6,2009-12-01 11:45:00,1.25,15998.0,United Kingdom
489522,22125,UNION JACK HOT WATER BOTTLE ,4,2009-12-01 11:45:00,5.95,15998.0,United Kingdom
489522,37492C,GREEN BLUE FLOWER PIGGY BANK,1,2009-12-01 11:45:00,4.65,15998.0,United Kingdom
489522,20677,PINK SPOTTY BOWL,1,2009-12-01 11:45:00,1.25,15998.0,United Kingdom
489522,20676,RED SPOTTY BOWL,1,2009-12-01 11:45:00,1.25,15998.0,United Kingdom
489522,20675,BLUE SPOTTY BOWL,1,2009-12-01 11:45:00,1.25,15998.0,United Kingdom
489522,21086,SET/6 RED SPOTTY PAPER CUPS,8,2009-12-01 11:45:00,0.65,15998.0,United Kingdom
489522,21948,SET OF 6 CAKE CHOPSTICKS,6,2009-12-01 11:45:00,1.25,15998.0,United Kingdom
489522,21833,CAMOUFLAGE LED TORCH,12,2009-12-01 11:45:00,1.69,15998.0,United Kingdom
489522,21832,CHOCOLATE CALCULATOR,5,2009-12-01 11:45:00,1.65,15998.0,United Kingdom
489522,22315,200 RED + WHITE BENDY STRAWS,1,2009-12-01 11:45:00,1.25,15998.0,United Kingdom
489522,21870,I CAN ONLY PLEASE ONE PERSON MUG,1,2009-12-01 11:45:00,1.25,15998.0,United Kingdom
489522,82600,NO SINGING METAL SIGN,1,2009-12-01 11:45:00,2.1,15998.0,United Kingdom
489522,21181,PLEASE ONE PERSON  METAL SIGN,2,2009-12-01 11:45:00,2.1,15998.0,United Kingdom
489522,22115,METAL SIGN EMPIRE TEA,1,2009-12-01 11:45:00,2.95,15998.0,United Kingdom
489522,21166,COOK WITH WINE METAL SIGN ,2,2009-12-01 11:45:00,1.95,15998.0,United Kingdom
489522,21175,GIN + TONIC DIET METAL SIGN,2,2009-12-01 11:45:00,2.1,15998.0,United Kingdom
489522,21174,POTTERING IN THE SHED METAL SIGN,1,2009-12-01 11:45:00,1.95,15998.0,United Kingdom
489522,21908,CHOCOLATE THIS WAY METAL SIGN,3,2009-12-01 11:45:00,2.1,15998.0,United Kingdom
489522,82582,AREA PATROLLED METAL SIGN,1,2009-12-01 11:45:00,2.1,15998.0,United Kingdom
489522,85152,HAND OVER THE CHOCOLATE   SIGN ,2,2009-12-01 11:45:00,2.1,15998.0,United Kingdom
489522,85150,LADIES & GENTLEMEN METAL SIGN,1,2009-12-01 11:45:00,2.55,15998.0,United Kingdom
489522,22197,"POPCORN HOLDER , SMALL ",10,2009-12-01 11:45:00,0.85,15998.0,United Kingdom
489522,21094,SET/6 RED SPOTTY PAPER PLATES,4,2009-12-01 11:45:00,0.85,15998.0,United Kingdom
489522,72724,SET/6 CHRISTMAS ICICLE T-LIGHTS,7,2009-12-01 11:45:00,1.25,15998.0,United Kingdom
489522,22103,MIRROR MOSAIC T-LIGHT HOLDER ROUND,6,2009-12-01 11:45:00,1.65,15998.0,United Kingdom
489522,37424,WHITE WITH BLACK CATS MUG,6,2009-12-01 11:45:00,0.85,15998.0,United Kingdom
489522,21136,PAINTED METAL PEARS ASSORTED,8,2009-12-01 11:45:00,1.69,15998.0,United Kingdom
489522,21755,LOVE BUILDING BLOCK WORD,1,2009-12-01 11:45:00,5.95,15998.0,United Kingdom
489522,84879,ASSORTED COLOUR BIRD ORNAMENT,8,2009-12-01 11:45:00,1.69,15998.0,United Kingdom
489522,84997B,RED 3 PIECE MINI DOTS CUTLERY SET,1,2009-12-01 11:45:00,3.75,15998.0,United Kingdom
489522,84997D,PINK 3 PIECE MINI DOTS CUTLERY SET,1,2009-12-01 11:45:00,3.75,15998.0,United Kingdom
489522,84997C,BLUE 3 PIECE MINI DOTS CUTLERY SET,1,2009-12-01 11:45:00,3.75,15998.0,United Kingdom
489522,21238,RED SPOTTY CUP,4,2009-12-01 11:45:00,0.85,15998.0,United Kingdom
489522,21240,BLUE  SPOTTY CUP,4,2009-12-01 11:45:00,0.85,15998.0,United Kingdom
489522,21239,PINK  SPOTTY CUP,4,2009-12-01 11:45:00,0.85,15998.0,United Kingdom
489522,84007,MAGIC GARDEN MOUNT FUJI,4,2009-12-01 11:45:00,2.55,15998.0,United Kingdom
489522,84012,MAGIC SHEEP WOOL GROWING FROM PAPER,4,2009-12-01 11:45:00,2.55,15998.0,United Kingdom
489522,22077,6 RIBBONS RUSTIC CHARM,1,2009-12-01 11:45:00,1.65,15998.0,United Kingdom
489522,85049A,TRADITIONAL CHRISTMAS RIBBONS,2,2009-12-01 11:45:00,1.25,15998.0,United Kingdom
489522,85049E,SCANDINAVIAN REDS RIBBONS,2,2009-12-01 11:45:00,1.25,15998.0,United Kingdom
489522,22075,6 RIBBONS ELEGANT CHRISTMAS ,2,2009-12-01 11:45:00,1.65,15998.0,United Kingdom
489522,22076,6 RIBBONS EMPIRE  ,1,2009-12-01 11:45:00,1.65,15998.0,United Kingdom
489522,79323W, WHITE CHERRY LIGHTS,1,2009-12-01 11:45:00,6.75,15998.0,United Kingdom
489522,79323LP,LIGHT PINK CHERRY LIGHTS,1,2009-12-01 11:45:00,6.75,15998.0,United Kingdom
489522,79342B,BROWN FLOWER LIGHTS,1,2009-12-01 11:45:00,6.75,15998.0,United Kingdom
489522,79341,WILLOW BRANCH LIGHTS.,6,2009-12-01 11:45:00,6.75,15998.0,United Kingdom
489523,84879,ASSORTED COLOUR BIRD ORNAMENT,800,2009-12-01 11:46:00,1.45,12931.0,United Kingdom
489526,85049E,SCANDINAVIAN REDS RIBBONS,12,2009-12-01 11:50:00,1.25,12533.0,Germany
489526,21976,PACK OF 60 MUSHROOM CAKE CASES,24,2009-12-01 11:50:00,0.55,12533.0,Germany
489526,21498,RED SPOTS  WRAP ,25,2009-12-01 11:50:00,0.42,12533.0,Germany
489526,22077,6 RIBBONS RUSTIC CHARM,12,2009-12-01 11:50:00,1.65,12533.0,Germany
489526,84946,ANTIQUE SILVER TEA GLASS ETCHED,12,2009-12-01 11:50:00,1.25,12533.0,Germany
489526,84948,SILVER HANGING T-LIGHT HOLDER DOME,24,2009-12-01 11:50:00,1.65,12533.0,Germany
489526,21537,RETRO SPOTS PUDDING BOWL,4,2009-12-01 11:50:00,4.25,12533.0,Germany
489526,21733,RED HANGING HEART T-LIGHT HOLDER,6,2009-12-01 11:50:00,2.95,12533.0,Germany
489526,85123A,WHITE HANGING HEART T-LIGHT HOLDER,6,2009-12-01 11:50:00,2.95,12533.0,Germany
489526,20718,RED SPOTTY SHOPPER BAG,10,2009-12-01 11:50:00,1.25,12533.0,Germany
489526,21539,RETRO SPOTS BUTTER DISH,3,2009-12-01 11:50:00,4.95,12533.0,Germany
489526,16169F,WRAP BLIZZARD,25,2009-12-01 11:50:00,0.42,12533.0,Germany
489526,84836,ZINC METAL HEART DECORATION,24,2009-12-01 11:50:00,1.25,12533.0,Germany
489526,21527,RETRO SPOT TRADITIONAL TEAPOT ,2,2009-12-01 11:50:00,7.95,12533.0,Germany
489526,21533,RETRO SPOT LARGE MILK JUG,6,2009-12-01 11:50:00,4.95,12533.0,Germany
489526,21531,RETRO SPOT SUGAR JAM BOWL,6,2009-12-01 11:50:00,2.55,12533.0,Germany
489526,22180,RETRO SPOT LAMP,3,2009-12-01 11:50:00,9.95,12533.0,Germany
489526,22333,RETRO SPORT PARTY BAG + STICKER SET,8,2009-12-01 11:50:00,1.65,12533.0,Germany
489526,22319,HAIRCLIPS FORTIES FABRIC ASSORTED,24,2009-12-01 11:50:00,0.65,12533.0,Germany
489526,85232B,SET/3 RUSSIAN DOLL STACKING TINS,9,2009-12-01 11:50:00,4.95,12533.0,Germany
489526,20676,RED SPOTTY BOWL,8,2009-12-01 11:50:00,1.25,12533.0,Germany
489526,20914,SET/5 RED SPOTTY LID GLASS BOWLS,12,2009-12-01 11:50:00,2.95,12533.0,Germany
489526,21217,RED SPOTTY ROUND CAKE TINS,3,2009-12-01 11:50:00,9.95,12533.0,Germany
489526,21238,RED SPOTTY CUP,16,2009-12-01 11:50:00,0.85,12533.0,Germany
489526,21242,RED SPOTTY PLATE ,8,2009-12-01 11:50:00,1.69,12533.0,Germany
489526,22232,JIGSAW TOADSTOOLS 3 PIECE,8,2009-12-01 11:50:00,1.65,12533.0,Germany
489526,21535,RETRO SPOT SMALL MILK JUG,6,2009-12-01 11:50:00,2.55,12533.0,Germany
489526,21844,RETRO SPOT MUG,6,2009-12-01 11:50:00,2.95,12533.0,Germany
489526,22073,RETRO SPOT STORAGE JAR,4,2009-12-01 11:50:00,3.75,12533.0,Germany
489526,22072,TEA CUP AND SAUCER RETRO SPOT,4,2009-12-01 11:50:00,3.75,12533.0,Germany
489526,22321,BIRD DECORATION RED SPOT,24,2009-12-01 11:50:00,0.85,12533.0,Germany
489526,15056BL,EDWARDIAN PARASOL BLACK,6,2009-12-01 11:50:00,5.95,12533.0,Germany
489526,15056N,EDWARDIAN PARASOL NATURAL,6,2009-12-01 11:50:00,5.95,12533.0,Germany
489526,21731,RED TOADSTOOL LED NIGHT LIGHT,12,2009-12-01 11:50:00,1.65,12533.0,Germany
489526,22254,FELT TOADSTOOL LARGE,12,2009-12-01 11:50:00,1.25,12533.0,Germany
489526,22255,FELT TOADSTOOL  SMALL,12,2009-12-01 11:50:00,0.85,12533.0,Germany
489526,46000S,POLYESTER FILLER PAD 40x40cm,2,2009-12-01 11:50:00,1.45,12533.0,Germany
489526,20964,POLYESTER FILLER PAD 60x40cm,3,2009-12-01 11:50:00,2.55,12533.0,Germany
489526,21788,KIDS RAIN MAC BLUE,24,2009-12-01 11:50:00,0.85,12533.0,Germany
489526,21789,KIDS RAIN MAC PINK,24,2009-12-01 11:50:00,0.85,12533.0,Germany
489526,20682,RED SPOTTY CHILDS UMBRELLA,6,2009-12-01 11:50:00,3.25,12533.0,Germany
489526,85014C,BLUE/BROWN DOTS RUFFLED UMBRELLA,3,2009-12-01 11:50:00,5.95,12533.0,Germany
489526,84832,ZINC WILLIE WINKIE  CANDLE STICK,24,2009-12-01 11:50:00,0.85,12533.0,Germany
489526,POST,POSTAGE,6,2009-12-01 11:50:00,18.0,12533.0,Germany
489529,85063,CREAM SWEETHEART MAGAZINE RACK,1,2009-12-01 11:51:00,16.95,17984.0,United Kingdom
489529,48129,DOOR MAT TOPIARY,1,2009-12-01 11:51:00,6.75,17984.0,United Kingdom
489529,21491,SET OF THREE VINTAGE GIFT WRAPS,1,2009-12-01 11:51:00,1.95,17984.0,United Kingdom
489529,22030,SWALLOWS GREETING CARD,1,2009-12-01 11:51:00,0.42,17984.0,United Kingdom
489529,21081,SET/20 POSIES PAPER NAPKINS,1,2009-12-01 11:51:00,0.85,17984.0,United Kingdom
489529,20773,BLUE PAISLEY NOTEBOOK,1,2009-12-01 11:51:00,1.65,17984.0,United Kingdom
489529,20767,BLUE PAISLEY JOURNAL ,1,2009-12-01 11:51:00,2.55,17984.0,United Kingdom
489529,22028,PENNY FARTHING BIRTHDAY CARD,12,2009-12-01 11:51:00,0.42,17984.0,United Kingdom
489529,20622,VIPPASSPORT COVER ,1,2009-12-01 11:51:00,2.1,17984.0,United Kingdom
489529,21122,SET/10 PINK SPOTTY PARTY CANDLES,1,2009-12-01 11:51:00,1.25,17984.0,United Kingdom
489529,21124,SET/10 BLUE SPOTTY PARTY CANDLES,1,2009-12-01 11:51:00,1.25,17984.0,United Kingdom
489529,20657,TROPICAL LUGGAGE TAG,1,2009-12-01 11:51:00,1.25,17984.0,United Kingdom
489529,16156N,"WRAP, FRIENDSHIP ON GREEN",25,2009-12-01 11:51:00,0.42,17984.0,United Kingdom
489529,20673,STRAWBERRIES PRINT BOWL,4,2009-12-01 11:51:00,1.25,17984.0,United Kingdom
489529,22300,COFFEE MUG DOG + BALL DESIGN,6,2009-12-01 11:51:00,2.55,17984.0,United Kingdom
489529,84520B,PACK 20 ENGLISH ROSE PAPER NAPKINS,1,2009-12-01 11:51:00,0.85,17984.0,United Kingdom
489529,22086,PAPER CHAIN KIT 50'S CHRISTMAS ,1,2009-12-01 11:51:00,2.95,17984.0,United Kingdom
489529,20619,TROPICAL PASSPORT COVER ,1,2009-12-01 11:51:00,2.1,17984.0,United Kingdom
489529,21864,UNION JACK FLAG PASSPORT COVER ,1,2009-12-01 11:51:00,2.1,17984.0,United Kingdom
489529,21866,UNION JACK FLAG LUGGAGE TAG,1,2009-12-01 11:51:00,1.25,17984.0,United Kingdom
489529,20660,VIP LUGGAGE TAG ,1,2009-12-01 11:51:00,1.25,17984.0,United Kingdom
489529,21489,BLUE WHITE SCARF HOT WATER BOTTLE,1,2009-12-01 11:51:00,3.95,17984.0,United Kingdom
489529,16207A,PINK STRAWBERRY HANDBAG ,1,2009-12-01 11:51:00,2.95,17984.0,United Kingdom
489529,20777,CHRYSANTHEMUM NOTEBOOK,1,2009-12-01 11:51:00,1.65,17984.0,United Kingdom
489529,20774,GREEN FERN NOTEBOOK,2,2009-12-01 11:51:00,1.65,17984.0,United Kingdom
489529,22029,SPACE BOY BIRTHDAY CARD,12,2009-12-01 11:51:00,0.42,17984.0,United Kingdom
489529,22030,SWALLOWS GREETING CARD,12,2009-12-01 11:51:00,0.42,17984.0,United Kingdom
489529,22024,RAINY LADIES BIRTHDAY CARD,12,2009-12-01 11:51:00,0.42,17984.0,United Kingdom
489529,22037,ROBOT BIRTHDAY CARD,12,2009-12-01 11:51:00,0.42,17984.0,United Kingdom
489529,22036,DINOSAUR BIRTHDAY CARD,12,2009-12-01 11:51:00,0.42,17984.0,United Kingdom
489529,21833,CAMOUFLAGE LED TORCH,2,2009-12-01 11:51:00,1.69,17984.0,United Kingdom
489529,21726,MULTI HEARTS  STICKERS,3,2009-12-01 11:51:00,0.85,17984.0,United Kingdom
489529,21544,SKULLS  WATER TRANSFER TATTOOS ,2,2009-12-01 11:51:00,0.85,17984.0,United Kingdom
489529,21004,ROSE DU SUD CHILDS APRON,1,2009-12-01 11:51:00,4.25,17984.0,United Kingdom
489529,20984,12 PENCILS TALL TUBE POSY,1,2009-12-01 11:51:00,0.85,17984.0,United Kingdom
489529,20982,12 PENCILS TALL TUBE SKULLS,2,2009-12-01 11:51:00,0.85,17984.0,United Kingdom
489529,84402D,PINK DRESS JEWELLERY STAND ,1,2009-12-01 11:51:00,2.95,17984.0,United Kingdom
489529,84660B,BLACK STITCHED WALL CLOCK,1,2009-12-01 11:51:00,3.75,17984.0,United Kingdom
489529,21429,RED GINGHAM ROSE JEWELLERY BOX,4,2009-12-01 11:51:00,1.65,17984.0,United Kingdom
489529,72754B,F FAIRY POTPOURRI CUSHIONS LAVENDER,1,2009-12-01 11:51:00,1.69,17984.0,United Kingdom
489529,21500,PINK SPOTS  WRAP ,25,2009-12-01 11:51:00,0.42,17984.0,United Kingdom
489529,21431,GREEN GINGHAM FLOWER JEWELLERY BOX,4,2009-12-01 11:51:00,1.65,17984.0,United Kingdom
489529,21912,VINTAGE SNAKES & LADDERS,2,2009-12-01 11:51:00,3.75,17984.0,United Kingdom
489529,22086,PAPER CHAIN KIT 50'S CHRISTMAS ,3,2009-12-01 11:51:00,2.95,17984.0,United Kingdom
489529,20748,KENSINGTON COFFEE SET,1,2009-12-01 11:51:00,12.75,17984.0,United Kingdom
489529,21490,SET OF THREE 50'S GIFT WRAPS ,2,2009-12-01 11:51:00,1.95,17984.0,United Kingdom
489529,72802B,OCEAN SCENT CANDLE IN JEWELLED BOX,3,2009-12-01 11:51:00,4.25,17984.0,United Kingdom
489531,79029,GLASS HONEYPOT WASP CATCHER,1,2009-12-01 11:57:00,1.95,14871.0,United Kingdom
489531,71477,COLOUR GLASS. STAR T-LIGHT HOLDER,12,2009-12-01 11:57:00,3.25,14871.0,United Kingdom
489531,85042,ANTIQUE LILY FAIRY LIGHTS,4,2009-12-01 11:57:00,4.95,14871.0,United Kingdom
489531,85123A,WHITE HANGING HEART T-LIGHT HOLDER,5,2009-12-01 11:57:00,2.95,14871.0,United Kingdom
489531,21590,KINGS CHOICE CIGAR BOX MATCHES ,4,2009-12-01 11:57:00,1.25,14871.0,United Kingdom
489531,21591,COSY HOUR CIGAR BOX MATCHES ,7,2009-12-01 11:57:00,1.25,14871.0,United Kingdom
489531,21582,KINGS CHOICE SMALL TUBE MATCHES,8,2009-12-01 11:57:00,1.65,14871.0,United Kingdom
489531,21587,COSY HOUR GIANT TUBE MATCHES,6,2009-12-01 11:57:00,2.55,14871.0,United Kingdom
489531,82486,WOOD S/3 CABINET ANT WHITE FINISH,1,2009-12-01 11:57:00,7.95,14871.0,United Kingdom
489531,82483,WOOD 2 DRAWER CABINET WHITE FINISH,1,2009-12-01 11:57:00,5.95,14871.0,United Kingdom
489531,22112,CHOCOLATE HOT WATER BOTTLE,1,2009-12-01 11:57:00,4.95,14871.0,United Kingdom
489531,22111,SCOTTIE DOG HOT WATER BOTTLE,1,2009-12-01 11:57:00,4.95,14871.0,United Kingdom
489531,72801E,S/4 FESTIVE GREEN DINNER CANDLES,2,2009-12-01 11:57:00,1.25,14871.0,United Kingdom
489531,21034,REX CASH+CARRY JUMBO SHOPPER,1,2009-12-01 11:57:00,0.95,14871.0,United Kingdom
489532,85049D,BRIGHT BLUES RIBBONS ,12,2009-12-01 11:58:00,1.25,13394.0,United Kingdom
489532,21985,PACK OF 12 HEARTS DESIGN TISSUES ,48,2009-12-01 11:58:00,0.29,13394.0,United Kingdom
489532,21980,PACK OF 12 RED SPOTTY TISSUES ,48,2009-12-01 11:58:00,0.29,13394.0,United Kingdom
489532,16235,RECYCLED PENCIL WITH RABBIT ERASER,60,2009-12-01 11:58:00,0.21,13394.0,United Kingdom
489532,22083,PAPER CHAIN KIT RETRO SPOT,6,2009-12-01 11:58:00,2.95,13394.0,United Kingdom
489532,22086,PAPER CHAIN KIT 50'S CHRISTMAS ,6,2009-12-01 11:58:00,2.95,13394.0,United Kingdom
489532,22111,SCOTTIE DOG HOT WATER BOTTLE,3,2009-12-01 11:58:00,4.95,13394.0,United Kingdom
489532,84347,ROTATING SILVER ANGELS T-LIGHT HLDR,6,2009-12-01 11:58:00,2.55,13394.0,United Kingdom
489532,21485,RED SPOT HEART HOT WATER BOTTLE,3,2009-12-01 11:58:00,4.95,13394.0,United Kingdom
489532,21212,PACK OF 72 RETRO SPOT CAKE CASES,24,2009-12-01 11:58:00,0.55,13394.0,United Kingdom
489532,84990,60 GOLD AND SILVER FAIRY CAKE CASES,24,2009-12-01 11:58:00,0.55,13394.0,United Kingdom
489532,85231E,STRAWBERRY SCENTED SET/9 T-LIGHTS,12,2009-12-01 11:58:00,0.85,13394.0,United Kingdom
489532,85231B,CINAMMON SET OF 9 T-LIGHTS,24,2009-12-01 11:58:00,0.85,13394.0,United Kingdom
489532,72008,FROSTED BOX 9 WHITE T-LIGHT CANDLES,12,2009-12-01 11:58:00,0.42,13394.0,United Kingdom
489532,22071,SMALL RETRO SPOT MUG IN BOX  WHITE,6,2009-12-01 11:58:00,3.75,13394.0,United Kingdom
489532,22070,SMALL RETRO SPOT MUG IN BOX  RED,6,2009-12-01 11:58:00,3.75,13394.0,United Kingdom
489532,22077,6 RIBBONS RUSTIC CHARM,9,2009-12-01 11:58:00,1.65,13394.0,United Kingdom
489532,20892,SET/3 TALL GLASS CANDLE HOLDER PINK,2,2009-12-01 11:58:00,12.75,13394.0,United Kingdom
489532,84270,ASSTD DESIGN BUBBLE GUM RING,30,2009-12-01 11:58:00,0.21,13394.0,United Kingdom
489532,85049C,ROMANTIC PINKS RIBBONS ,12,2009-12-01 11:58:00,1.25,13394.0,United Kingdom
489533,84352,SILVER CHRISTMAS TREE BAUBLE STAND ,1,2009-12-01 12:02:00,16.95,16011.0,United Kingdom
489533,79067,CORONA MEXICAN TRAY,1,2009-12-01 12:02:00,3.75,16011.0,United Kingdom
489533,22203,MILK PAN RED RETROSPOT,1,2009-12-01 12:02:00,3.75,16011.0,United Kingdom
489533,21353,SILVER SLEIGHBELL  WREATH,4,2009-12-01 12:02:00,7.95,16011.0,United Kingdom
489533,84946,ANTIQUE SILVER TEA GLASS ETCHED,6,2009-12-01 12:02:00,1.25,16011.0,United Kingdom
489533,22300,COFFEE MUG DOG + BALL DESIGN,6,2009-12-01 12:02:00,2.55,16011.0,United Kingdom
489533,21535,RETRO SPOT SMALL MILK JUG,1,2009-12-01 12:02:00,2.55,16011.0,United Kingdom
489533,21540,DAIRY MAID CERAMIC BUTTER DISH,2,2009-12-01 12:02:00,4.25,16011.0,United Kingdom
489533,21538,DAIRY MAID  PUDDING BOWL,1,2009-12-01 12:02:00,3.75,16011.0,United Kingdom
489533,22073,RETRO SPOT STORAGE JAR,1,2009-12-01 12:02:00,3.75,16011.0,United Kingdom
489533,21534,DAIRY MAID LARGE MILK JUG,1,2009-12-01 12:02:00,4.95,16011.0,United Kingdom
489533,21533,RETRO SPOT LARGE MILK JUG,1,2009-12-01 12:02:00,4.95,16011.0,United Kingdom
489533,84836,ZINC METAL HEART DECORATION,12,2009-12-01 12:02:00,1.25,16011.0,United Kingdom
489533,85053,FRENCH ENAMEL CANDLEHOLDER,2,2009-12-01 12:02:00,2.1,16011.0,United Kingdom
489533,21756,BATH BUILDING BLOCK WORD,1,2009-12-01 12:02:00,5.95,16011.0,United Kingdom
489533,22118,JOY WOODEN BLOCK LETTERS,1,2009-12-01 12:02:00,4.95,16011.0,United Kingdom
489533,21754,HOME BUILDING BLOCK WORD,2,2009-12-01 12:02:00,5.95,16011.0,United Kingdom
489533,84970S,HANGING HEART ZINC T-LIGHT HOLDER,12,2009-12-01 12:02:00,0.85,16011.0,United Kingdom
489533,22118,JOY WOODEN BLOCK LETTERS,2,2009-12-01 12:02:00,4.95,16011.0,United Kingdom
489533,21755,LOVE BUILDING BLOCK WORD,2,2009-12-01 12:02:00,5.95,16011.0,United Kingdom
489536,21375,LARGE CAMPHOR WOOD FIELD MUSHROOM ,2,2009-12-01 12:13:00,5.45,16393.0,United Kingdom
489536,22109,FULL ENGLISH BREAKFAST PLATE,1,2009-12-01 12:13:00,3.75,16393.0,United Kingdom
489536,21864,UNION JACK FLAG PASSPORT COVER ,1,2009-12-01 12:13:00,2.1,16393.0,United Kingdom
489536,48129,DOOR MAT TOPIARY,1,2009-12-01 12:13:00,6.75,16393.0,United Kingdom
489536,22186,RED STAR CARD HOLDER,1,2009-12-01 12:13:00,2.95,16393.0,United Kingdom
489536,47504K,ENGLISH ROSE GARDEN SECATEURS,2,2009-12-01 12:13:00,1.95,16393.0,United Kingdom
489536,47504F,ENGLISH ROSE TORCH,2,2009-12-01 12:13:00,1.65,16393.0,United Kingdom
489536,21809,CHRISTMAS HANGING TREE WITH BELL,1,2009-12-01 12:13:00,1.25,16393.0,United Kingdom
489536,22075,6 RIBBONS ELEGANT CHRISTMAS ,1,2009-12-01 12:13:00,1.65,16393.0,United Kingdom
489536,21186,WHITE DOVE HONEYCOMB PAPER GARLAND,2,2009-12-01 12:13:00,1.65,16393.0,United Kingdom
489536,22086,PAPER CHAIN KIT 50'S CHRISTMAS ,1,2009-12-01 12:13:00,2.95,16393.0,United Kingdom
489536,21611,SET OF 12 LILY BOTANICAL T-LIGHTS,2,2009-12-01 12:13:00,2.95,16393.0,United Kingdom
489536,22113,GREY HEART HOT WATER BOTTLE,2,2009-12-01 12:13:00,3.45,16393.0,United Kingdom
489536,21480,PINK STRIPE HOT WATER BOTTLE,1,2009-12-01 12:13:00,2.95,16393.0,United Kingdom
489536,22295,HEART FILIGREE DOVE LARGE,2,2009-12-01 12:13:00,1.65,16393.0,United Kingdom
489536,85170A,SET/6 IVORY BIRD T-LIGHT CANDLES,1,2009-12-01 12:13:00,2.1,16393.0,United Kingdom
489536,85033S,SET/6 SILVER REINDEER T-LIGHTS,1,2009-12-01 12:13:00,1.95,16393.0,United Kingdom
489536,35991,SET/6 BLACK SNOWFLAKE T-LIGHTS ,1,2009-12-01 12:13:00,1.69,16393.0,United Kingdom
489536,22185,SLATE TILE NATURAL HANGING,2,2009-12-01 12:13:00,1.65,16393.0,United Kingdom
489536,21786,RAIN HAT WITH RED SPOTS,1,2009-12-01 12:13:00,0.42,16393.0,United Kingdom
489536,20752,RETRO BLUE SPOTTY WASHING UP GLOVES,1,2009-12-01 12:13:00,2.1,16393.0,United Kingdom
489536,20754,RETRO RED SPOTTY WASHING UP GLOVES,1,2009-12-01 12:13:00,2.1,16393.0,United Kingdom
489536,84388,WISE MAN STAR SHAPE EGG PAN,1,2009-12-01 12:13:00,1.65,16393.0,United Kingdom
489536,21865,PINK UNION JACK  PASSPORT COVER ,1,2009-12-01 12:13:00,2.1,16393.0,United Kingdom
489536,21832,CHOCOLATE CALCULATOR,1,2009-12-01 12:13:00,1.65,16393.0,United Kingdom
489536,85071A,BLUE CHARLIE+LOLA PERSONAL DOORSIGN,1,2009-12-01 12:13:00,2.95,16393.0,United Kingdom
489536,85071B,RED CHARLIE+LOLA PERSONAL DOORSIGN,1,2009-12-01 12:13:00,2.95,16393.0,United Kingdom
489536,21948,SET OF 6 CAKE CHOPSTICKS,1,2009-12-01 12:13:00,1.25,16393.0,United Kingdom
489536,21791,VINTAGE HEADS AND TAILS CARD GAME ,2,2009-12-01 12:13:00,1.25,16393.0,United Kingdom
489536,21918,SET 12 KIDS COLOUR  CHALK STICKS,2,2009-12-01 12:13:00,0.42,16393.0,United Kingdom
489536,22086,PAPER CHAIN KIT 50'S CHRISTMAS ,2,2009-12-01 12:13:00,2.95,16393.0,United Kingdom
489536,21493, VINTAGE DESIGN GIFT TAGS,2,2009-12-01 12:13:00,0.85,16393.0,United Kingdom
489536,21491,SET OF THREE VINTAGE GIFT WRAPS,2,2009-12-01 12:13:00,1.95,16393.0,United Kingdom
489536,51012C,"FEATHER DUSTER, COAL BLACK",1,2009-12-01 12:13:00,1.25,16393.0,United Kingdom
489536,21034,REX CASH+CARRY JUMBO SHOPPER,1,2009-12-01 12:13:00,0.95,16393.0,United Kingdom
489536,84671B,CROCHET BEAR WITH BLUE STRIPES,1,2009-12-01 12:13:00,2.55,16393.0,United Kingdom
489536,21747,SMALL SKULL WINDMILL,1,2009-12-01 12:13:00,1.25,16393.0,United Kingdom
489536,22197,"POPCORN HOLDER , SMALL ",1,2009-12-01 12:13:00,0.85,16393.0,United Kingdom
489536,22107,PIZZA PLATE IN BOX,1,2009-12-01 12:13:00,3.75,16393.0,United Kingdom
489536,22330,72 ROUND PINK DOILIES,1,2009-12-01 12:13:00,1.45,16393.0,United Kingdom
489536,22139,RETRO SPOT TEA SET CERAMIC 11 PC ,1,2009-12-01 12:13:00,4.95,16393.0,United Kingdom
489536,84375,SET OF 20 KIDS COOKIE CUTTERS,1,2009-12-01 12:13:00,1.95,16393.0,United Kingdom
489536,84952B,BLACK LOVE BIRD T-LIGHT HOLDER,2,2009-12-01 12:13:00,3.75,16393.0,United Kingdom
489536,20961,STRAWBERRY BATH SPONGE ,1,2009-12-01 12:13:00,1.25,16393.0,United Kingdom
489536,20960,WATERMELON BATH SPONGE,1,2009-12-01 12:13:00,1.25,16393.0,United Kingdom
489536,20966,SANDWICH BATH SPONGE,1,2009-12-01 12:13:00,1.25,16393.0,United Kingdom
489536,17164D,ASS COL SMALL SAND FROG P'WEIGHT,1,2009-12-01 12:13:00,0.42,16393.0,United Kingdom
489536,21791,VINTAGE HEADS AND TAILS CARD GAME ,6,2009-12-01 12:13:00,1.25,16393.0,United Kingdom
489536,21890,S/6 WOODEN SKITTLES IN COTTON BAG,1,2009-12-01 12:13:00,2.95,16393.0,United Kingdom
489536,22353,LUNCHBOX WITH CUTLERY FAIRY CAKES ,1,2009-12-01 12:13:00,2.55,16393.0,United Kingdom
489536,85170D,SET/6 PINK BIRD T-LIGHT CANDLES,1,2009-12-01 12:13:00,2.1,16393.0,United Kingdom
489536,17091J,VANILLA INCENSE IN TIN,1,2009-12-01 12:13:00,1.25,16393.0,United Kingdom
489536,79067,CORONA MEXICAN TRAY,1,2009-12-01 12:13:00,3.75,16393.0,United Kingdom
489536,20975,12 PENCILS SMALL TUBE RED SPOTTY,7,2009-12-01 12:13:00,0.65,16393.0,United Kingdom
489536,20677,PINK SPOTTY BOWL,1,2009-12-01 12:13:00,1.25,16393.0,United Kingdom
489536,20675,BLUE SPOTTY BOWL,1,2009-12-01 12:13:00,1.25,16393.0,United Kingdom
489536,20676,RED SPOTTY BOWL,2,2009-12-01 12:13:00,1.25,16393.0,United Kingdom
489536,21440,12 MINI TOADSTOOL PEGS,1,2009-12-01 12:13:00,1.25,16393.0,United Kingdom
489536,22174,PHOTO CUBE,2,2009-12-01 12:13:00,1.65,16393.0,United Kingdom
489536,22142,CHRISTMAS CRAFT WHITE FAIRY ,1,2009-12-01 12:13:00,1.45,16393.0,United Kingdom
489536,22150, 3 STRIPEY MICE FELTCRAFT,2,2009-12-01 12:13:00,1.95,16393.0,United Kingdom
489536,22147,FELTCRAFT BUTTERFLY HEARTS,2,2009-12-01 12:13:00,1.45,16393.0,United Kingdom
489536,21356,TOAST ITS - FAIRY FLOWER,1,2009-12-01 12:13:00,1.25,16393.0,United Kingdom
489536,21357,TOAST ITS - DINOSAUR,1,2009-12-01 12:13:00,1.25,16393.0,United Kingdom
489536,21166,COOK WITH WINE METAL SIGN ,1,2009-12-01 12:13:00,1.95,16393.0,United Kingdom
489536,20728,LUNCH BAG CARS BLUE,4,2009-12-01 12:13:00,1.65,16393.0,United Kingdom
489536,21677,HEARTS  STICKERS,6,2009-12-01 12:13:00,0.85,16393.0,United Kingdom
489536,21680,WOODLAND  STICKERS,6,2009-12-01 12:13:00,0.85,16393.0,United Kingdom
489536,21730,GLASS STAR FROSTED T-LIGHT HOLDER,1,2009-12-01 12:13:00,4.95,16393.0,United Kingdom
489536,21788,KIDS RAIN MAC BLUE,1,2009-12-01 12:13:00,0.85,16393.0,United Kingdom
489536,21789,KIDS RAIN MAC PINK,1,2009-12-01 12:13:00,0.85,16393.0,United Kingdom
489536,20660,VIP LUGGAGE TAG ,1,2009-12-01 12:13:00,1.25,16393.0,United Kingdom
489536,70007,HI TEC ALPINE HAND WARMER,1,2009-12-01 12:13:00,1.65,16393.0,United Kingdom
489536,70006,LOVE HEART POCKET WARMER,1,2009-12-01 12:13:00,1.65,16393.0,United Kingdom
489536,21650,ASSORTED TUTTI FRUTTI BRACELET,1,2009-12-01 12:13:00,0.65,16393.0,United Kingdom
489536,22147,FELTCRAFT BUTTERFLY HEARTS,1,2009-12-01 12:13:00,1.45,16393.0,United Kingdom
489536,21892,TRADITIONAL WOODEN CATCH CUP GAME ,1,2009-12-01 12:13:00,1.25,16393.0,United Kingdom
489536,85227,SET/6 3D KIT CARDS FOR KIDS,1,2009-12-01 12:13:00,0.85,16393.0,United Kingdom
489536,85227,SET/6 3D KIT CARDS FOR KIDS,3,2009-12-01 12:13:00,0.85,16393.0,United Kingdom
489536,20655,QUEEN OF SKIES LUGGAGE TAG,1,2009-12-01 12:13:00,1.25,16393.0,United Kingdom
489536,21791,VINTAGE HEADS AND TAILS CARD GAME ,1,2009-12-01 12:13:00,1.25,16393.0,United Kingdom
489536,21990,MODERN FLORAL STATIONERY SET,1,2009-12-01 12:13:00,2.95,16393.0,United Kingdom
489536,21231,SWEETHEART CERAMIC TRINKET BOX,1,2009-12-01 12:13:00,1.25,16393.0,United Kingdom
489536,22064,PINK DOUGHNUT TRINKET POT ,4,2009-12-01 12:13:00,1.65,16393.0,United Kingdom
489536,21934,SKULL SHOULDER BAG,1,2009-12-01 12:13:00,1.65,16393.0,United Kingdom
489536,21578,WOODLAND DESIGN  COTTON TOTE BAG,1,2009-12-01 12:13:00,2.25,16393.0,United Kingdom
489536,21579,LOLITA  DESIGN  COTTON TOTE BAG,1,2009-12-01 12:13:00,2.25,16393.0,United Kingdom
489536,21577,SAVE THE PLANET COTTON TOTE BAG,2,2009-12-01 12:13:00,2.25,16393.0,United Kingdom
489536,21931,JUMBO STORAGE BAG SUKI,5,2009-12-01 12:13:00,1.95,16393.0,United Kingdom
489536,85099B,JUMBO BAG RED WHITE SPOTTY ,5,2009-12-01 12:13:00,1.95,16393.0,United Kingdom
489536,20713,JUMBO BAG OWLS,1,2009-12-01 12:13:00,1.95,16393.0,United Kingdom
489536,20712,JUMBO BAG WOODLAND ANIMALS,1,2009-12-01 12:13:00,1.95,16393.0,United Kingdom
489536,16047,POP ART PEN CASE & PENS,1,2009-12-01 12:13:00,0.85,16393.0,United Kingdom
489536,21561,DINOSAUR LUNCHBOX WITH CUTLERY,1,2009-12-01 12:13:00,2.55,16393.0,United Kingdom
489536,20814,SILVER FINCH DECORATION,1,2009-12-01 12:13:00,1.25,16393.0,United Kingdom
489536,21122,SET/10 PINK SPOTTY PARTY CANDLES,1,2009-12-01 12:13:00,1.25,16393.0,United Kingdom
489536,21232,STRAWBERRY CERAMIC TRINKET BOX,3,2009-12-01 12:13:00,1.25,16393.0,United Kingdom
489536,84946,ANTIQUE SILVER TEA GLASS ETCHED,6,2009-12-01 12:13:00,1.25,16393.0,United Kingdom
489536,22068, BLACK PIRATE TREASURE CHEST,4,2009-12-01 12:13:00,1.65,16393.0,United Kingdom
489536,21377,SMALL CAMPHOR WOOD FIELD  MUSHROOM,1,2009-12-01 12:13:00,1.65,16393.0,United Kingdom
489536,21379, CAMPHOR WOOD PORTOBELLO MUSHROOM,1,2009-12-01 12:13:00,1.25,16393.0,United Kingdom
489536,20956,PORCELAIN T-LIGHT HOLDERS ASSORTED,1,2009-12-01 12:13:00,1.25,16393.0,United Kingdom
489536,21018,BIRD BOX CHRISTMAS TREE DECORATION,1,2009-12-01 12:13:00,0.85,16393.0,United Kingdom
489536,35995,SET/6 BLACK GLITTER REINDEER CANDLE,1,2009-12-01 12:13:00,2.1,16393.0,United Kingdom
489536,21578,WOODLAND DESIGN  COTTON TOTE BAG,2,2009-12-01 12:13:00,2.25,16393.0,United Kingdom
489536,22355,"CHARLOTTE BAG , SUKI DESIGN",9,2009-12-01 12:13:00,0.85,16393.0,United Kingdom
489536,21934,SKULL SHOULDER BAG,2,2009-12-01 12:13:00,1.65,16393.0,United Kingdom
489536,22356,"CHARLOTTE BAG , PINK/WHITE SPOTS",3,2009-12-01 12:13:00,0.85,16393.0,United Kingdom
489536,21581,SKULLS  DESIGN  COTTON TOTE BAG,4,2009-12-01 12:13:00,2.25,16393.0,United Kingdom
489536,20956,PORCELAIN T-LIGHT HOLDERS ASSORTED,2,2009-12-01 12:13:00,1.25,16393.0,United Kingdom
489536,20727,LUNCH BAG  BLACK SKULL.,3,2009-12-01 12:13:00,1.65,16393.0,United Kingdom
489536,21071,VINTAGE BILLBOARD DRINK ME MUG,1,2009-12-01 12:13:00,1.25,16393.0,United Kingdom
489536,21068,VINTAGE BILLBOARD LOVE/HATE MUG,1,2009-12-01 12:13:00,1.25,16393.0,United Kingdom
489536,22189,CREAM HEART CARD HOLDER,1,2009-12-01 12:13:00,3.95,16393.0,United Kingdom
489536,48179,DOOR MAT SWEET HOME,1,2009-12-01 12:13:00,6.75,16393.0,United Kingdom
489537,48129,DOOR MAT TOPIARY,1,2009-12-01 12:14:00,6.75,14040.0,United Kingdom
489537,21523,FANCY FONT HOME SWEET HOME DOORMAT,1,2009-12-01 12:14:00,6.75,14040.0,United Kingdom
489537,48188,DOOR MAT WELCOME PUPPIES,2,2009-12-01 12:14:00,6.75,14040.0,United Kingdom
489537,48111,DOOR MAT 3 SMILEY CATS,2,2009-12-01 12:14:00,6.75,14040.0,United Kingdom
489537,48194,DOORMAT HEARTS,2,2009-12-01 12:14:00,6.75,14040.0,United Kingdom
489537,20685,RED SPOTTY COIR DOORMAT,2,2009-12-01 12:14:00,6.75,14040.0,United Kingdom
489537,48195,DOOR MAT GREEN PAISLEY ,2,2009-12-01 12:14:00,6.75,14040.0,United Kingdom
489537,48184,DOOR MAT ENGLISH ROSE ,2,2009-12-01 12:14:00,6.75,14040.0,United Kingdom
489537,21733,RED HANGING HEART T-LIGHT HOLDER,10,2009-12-01 12:14:00,2.95,14040.0,United Kingdom
489537,21777,RECIPE BOX WITH METAL HEART,4,2009-12-01 12:14:00,7.95,14040.0,United Kingdom
489537,20969,RED FLORAL FELTCRAFT SHOULDER BAG,4,2009-12-01 12:14:00,3.75,14040.0,United Kingdom
489537,20970,PINK FLORAL FELTCRAFT SHOULDER BAG,4,2009-12-01 12:14:00,3.75,14040.0,United Kingdom
489537,20968,GREEN FLORAL FELTCRAFT SHOULDER BAG,4,2009-12-01 12:14:00,3.75,14040.0,United Kingdom
489537,20967,GREY FLORAL FELTCRAFT SHOULDER BAG,2,2009-12-01 12:14:00,3.75,14040.0,United Kingdom
489537,21737,SET 3 WICKER LOG BASKETS,1,2009-12-01 12:14:00,19.95,14040.0,United Kingdom
489537,84899E,YELLOW + BROWN BEAR FELT PURSE KIT,2,2009-12-01 12:14:00,1.25,14040.0,United Kingdom
489537,84899F,YELLOW PURPLE DAISY FELT PURSE KIT,3,2009-12-01 12:14:00,1.25,14040.0,United Kingdom
489537,84898F,YELLOW FLOWERS FELT HANDBAG KIT,5,2009-12-01 12:14:00,2.1,14040.0,United Kingdom
489537,20971,PINK BLUE FELT CRAFT TRINKET BOX,5,2009-12-01 12:14:00,1.25,14040.0,United Kingdom
489537,20972,PINK CREAM FELT CRAFT TRINKET BOX ,5,2009-12-01 12:14:00,1.25,14040.0,United Kingdom
489537,22207,FRYING PAN UNION FLAG,1,2009-12-01 12:14:00,4.25,14040.0,United Kingdom
489537,21016,LIGHT BIRD HOUSE TREE DECORATION,1,2009-12-01 12:14:00,0.85,14040.0,United Kingdom
489537,22115,METAL SIGN EMPIRE TEA,1,2009-12-01 12:14:00,2.95,14040.0,United Kingdom
489537,22273,FELTCRAFT DOLL MOLLY,2,2009-12-01 12:14:00,2.95,14040.0,United Kingdom
489537,20828,GLITTER BUTTERFLY CLIPS,6,2009-12-01 12:14:00,2.55,14040.0,United Kingdom
489537,20829,GLITTER HANGING BUTTERFLY STRING,6,2009-12-01 12:14:00,2.1,14040.0,United Kingdom
489537,85231B,CINAMMON SET OF 9 T-LIGHTS,5,2009-12-01 12:14:00,0.85,14040.0,United Kingdom
489537,85231G,ORANGE SCENTED SET/9 T-LIGHTS,5,2009-12-01 12:14:00,0.85,14040.0,United Kingdom
489537,21407,BROWN CHECK CAT DOORSTOP ,1,2009-12-01 12:14:00,4.25,14040.0,United Kingdom
489537,21410,COUNTRY COTTAGE  DOORSTOP GREEN,2,2009-12-01 12:14:00,4.25,14040.0,United Kingdom
489537,72800F,4 IVORY DINNER CANDLES GOLD FLOCK,1,2009-12-01 12:14:00,2.55,14040.0,United Kingdom
489537,21411,GINGHAM HEART  DOORSTOP RED,4,2009-12-01 12:14:00,4.25,14040.0,United Kingdom
489537,21993,FLORAL FOLK STATIONERY SET,3,2009-12-01 12:14:00,2.95,14040.0,United Kingdom
489537,84032B,CHARLIE + LOLA RED HOT WATER BOTTLE,4,2009-12-01 12:14:00,2.95,14040.0,United Kingdom
489537,22125,UNION JACK HOT WATER BOTTLE ,3,2009-12-01 12:14:00,5.95,14040.0,United Kingdom
489537,84032A,CHARLIE+LOLA PINK HOT WATER BOTTLE,4,2009-12-01 12:14:00,2.95,14040.0,United Kingdom
489537,21482,MUSHROOM BLUE HOT WATER BOTTLE,3,2009-12-01 12:14:00,2.95,14040.0,United Kingdom
489537,21479,WHITE SKULL HOT WATER BOTTLE ,2,2009-12-01 12:14:00,3.75,14040.0,United Kingdom
489537,21480,PINK STRIPE HOT WATER BOTTLE,5,2009-12-01 12:14:00,2.95,14040.0,United Kingdom
489537,21486,PINK HEART DOTS HOT WATER BOTTLE,2,2009-12-01 12:14:00,3.75,14040.0,United Kingdom
489537,21481,FAWN BLUE HOT WATER BOTTLE,3,2009-12-01 12:14:00,2.95,14040.0,United Kingdom
489537,72008,FROSTED BOX 9 WHITE T-LIGHT CANDLES,24,2009-12-01 12:14:00,0.42,14040.0,United Kingdom
489537,21231,SWEETHEART CERAMIC TRINKET BOX,20,2009-12-01 12:14:00,1.25,14040.0,United Kingdom
489537,21232,STRAWBERRY CERAMIC TRINKET BOX,20,2009-12-01 12:14:00,1.25,14040.0,United Kingdom
489537,21813,GARLAND WITH STARS AND BELLS,1,2009-12-01 12:14:00,4.95,14040.0,United Kingdom
489537,21812,GARLAND WITH HEARTS AND BELLS,4,2009-12-01 12:14:00,4.95,14040.0,United Kingdom
489537,21489,BLUE WHITE SCARF HOT WATER BOTTLE,3,2009-12-01 12:14:00,3.95,14040.0,United Kingdom
489537,21488,RED WHITE SCARF  HOT WATER BOTTLE,3,2009-12-01 12:14:00,3.95,14040.0,United Kingdom
489537,84029E,RED WOOLLY HOTTIE WHITE HEART.,1,2009-12-01 12:14:00,3.75,14040.0,United Kingdom
489537,75013B,"STRING OF 8 BUTTERFLIES,PINK",3,2009-12-01 12:14:00,1.65,14040.0,United Kingdom
489537,72800E,4 IVORY DINNER CANDLES SILVER FLOCK,4,2009-12-01 12:14:00,2.55,14040.0,United Kingdom
489537,72800F,4 IVORY DINNER CANDLES GOLD FLOCK,3,2009-12-01 12:14:00,2.55,14040.0,United Kingdom
489537,72801G,S/4 BURGUNDY WINE DINNER CANDLES,3,2009-12-01 12:14:00,1.25,14040.0,United Kingdom
489537,72801F,S/4 FESTIVE RED DINNER CANDLES,6,2009-12-01 12:14:00,1.25,14040.0,United Kingdom
489537,72801E,S/4 FESTIVE GREEN DINNER CANDLES,6,2009-12-01 12:14:00,1.25,14040.0,United Kingdom
489537,21790,VINTAGE SNAP CARDS,11,2009-12-01 12:14:00,0.85,14040.0,United Kingdom
489537,21791,VINTAGE HEADS AND TAILS CARD GAME ,6,2009-12-01 12:14:00,1.25,14040.0,United Kingdom
489537,21888,BINGO SET,3,2009-12-01 12:14:00,3.75,14040.0,United Kingdom
489537,21351,CINAMMON & ORANGE WREATH,2,2009-12-01 12:14:00,6.75,14040.0,United Kingdom
489540,21732,RED HANGING METAL STAR TLIGHT HLDR,24,2009-12-01 12:18:00,3.39,12913.0,United Kingdom
489540,21754,HOME BUILDING BLOCK WORD,24,2009-12-01 12:18:00,5.45,12913.0,United Kingdom
489540,22083,PAPER CHAIN KIT RETRO SPOT,58,2009-12-01 12:18:00,2.55,12913.0,United Kingdom
489540,22086,PAPER CHAIN KIT 50'S CHRISTMAS ,58,2009-12-01 12:18:00,2.55,12913.0,United Kingdom
489540,84946,ANTIQUE SILVER TEA GLASS ETCHED,24,2009-12-01 12:18:00,1.25,12913.0,United Kingdom
489539,22086,PAPER CHAIN KIT 50'S CHRISTMAS ,160,2009-12-01 12:18:00,2.55,15061.0,United Kingdom
489539,22083,PAPER CHAIN KIT RETRO SPOT,160,2009-12-01 12:18:00,2.55,15061.0,United Kingdom
489539,85041,SET/4 PINK ORCHID CANDLES IN BOWL,48,2009-12-01 12:18:00,1.45,15061.0,United Kingdom
489539,85040B,SET/4 BLUE FLOWER CANDLES IN BOWL,192,2009-12-01 12:18:00,1.45,15061.0,United Kingdom
489539,84879,ASSORTED COLOUR BIRD ORNAMENT,96,2009-12-01 12:18:00,1.69,15061.0,United Kingdom
489539,79323P,PINK CHERRY LIGHTS,24,2009-12-01 12:18:00,5.45,15061.0,United Kingdom
489539,48184,DOOR MAT ENGLISH ROSE ,20,2009-12-01 12:18:00,5.95,15061.0,United Kingdom
489539,37461,FUNKY MONKEY MUG,96,2009-12-01 12:18:00,0.85,15061.0,United Kingdom
489539,22139,RETRO SPOT TEA SET CERAMIC 11 PC ,72,2009-12-01 12:18:00,4.25,15061.0,United Kingdom
489539,21700,BIG DOUGHNUT FRIDGE MAGNETS,144,2009-12-01 12:18:00,0.85,15061.0,United Kingdom
489539,21673,WHITE SPOT BLUE CERAMIC DRAWER KNOB,60,2009-12-01 12:18:00,1.06,15061.0,United Kingdom
489539,21671,RED SPOT CERAMIC DRAWER KNOB,60,2009-12-01 12:18:00,1.06,15061.0,United Kingdom
489539,21669,BLUE STRIPE CERAMIC DRAWER KNOB,60,2009-12-01 12:18:00,1.06,15061.0,United Kingdom
489539,21500,PINK SPOTS  WRAP ,100,2009-12-01 12:18:00,0.34,15061.0,United Kingdom
489539,20692,FLORAL ELEPHANT SOFT TOY,96,2009-12-01 12:18:00,3.75,15061.0,United Kingdom
489539,20685,RED SPOTTY COIR DOORMAT,30,2009-12-01 12:18:00,5.95,15061.0,United Kingdom
489539,16237,SLEEPING CAT ERASERS,180,2009-12-01 12:18:00,0.21,15061.0,United Kingdom
489542,37410,BLACK AND WHITE PAISLEY FLOWER MUG,216,2009-12-01 12:19:00,0.85,15061.0,United Kingdom
489542,22139,RETRO SPOT TEA SET CERAMIC 11 PC ,48,2009-12-01 12:19:00,4.25,15061.0,United Kingdom
489544,22086,PAPER CHAIN KIT 50'S CHRISTMAS ,18,2009-12-01 12:20:00,2.95,14341.0,United Kingdom
489544,84347,ROTATING SILVER ANGELS T-LIGHT HLDR,18,2009-12-01 12:20:00,2.55,14341.0,United Kingdom
489544,22065,CHRISTMAS PUDDING TRINKET POT ,12,2009-12-01 12:20:00,1.45,14341.0,United Kingdom
489544,21813,GARLAND WITH STARS AND BELLS,6,2009-12-01 12:20:00,4.95,14341.0,United Kingdom
489544,84251F,"GREETING CARD, RITA",12,2009-12-01 12:20:00,0.19,14341.0,United Kingdom
489544,20975,12 PENCILS SMALL TUBE RED SPOTTY,24,2009-12-01 12:20:00,0.65,14341.0,United Kingdom
489544,21080,SET/20 RED SPOTTY PAPER NAPKINS ,12,2009-12-01 12:20:00,0.85,14341.0,United Kingdom
489544,21844,RETRO SPOT MUG,6,2009-12-01 12:20:00,2.95,14341.0,United Kingdom
489544,22070,SMALL RETRO SPOT MUG IN BOX  RED,6,2009-12-01 12:20:00,3.75,14341.0,United Kingdom
489544,21980,PACK OF 12 RED SPOTTY TISSUES ,48,2009-12-01 12:20:00,0.29,14341.0,United Kingdom
489544,21967,PACK OF 12 SKULL TISSUES,48,2009-12-01 12:20:00,0.29,14341.0,United Kingdom
489544,22125,UNION JACK HOT WATER BOTTLE ,3,2009-12-01 12:20:00,5.95,14341.0,United Kingdom
489544,21364,PEACE SMALL WOOD LETTERS,1,2009-12-01 12:20:00,6.75,14341.0,United Kingdom
489544,21809,CHRISTMAS HANGING TREE WITH BELL,12,2009-12-01 12:20:00,1.25,14341.0,United Kingdom
489545,90062,CARNIVAL BRACELET,1,2009-12-01 12:22:00,12.75,17804.0,United Kingdom
489545,21480,PINK STRIPE HOT WATER BOTTLE,2,2009-12-01 12:22:00,2.95,17804.0,United Kingdom
489545,22110,BIRD HOUSE HOT WATER BOTTLE,1,2009-12-01 12:22:00,3.45,17804.0,United Kingdom
489545,22113,GREY HEART HOT WATER BOTTLE,1,2009-12-01 12:22:00,3.45,17804.0,United Kingdom
489545,21484,CHICK GREY HOT WATER BOTTLE,2,2009-12-01 12:22:00,3.45,17804.0,United Kingdom
489545,20914,SET/5 RED SPOTTY LID GLASS BOWLS,1,2009-12-01 12:22:00,2.95,17804.0,United Kingdom
489545,84977,WIRE FLOWER T-LIGHT HOLDER,6,2009-12-01 12:22:00,1.25,17804.0,United Kingdom
489545,21868,POTTING SHED TEA MUG,1,2009-12-01 12:22:00,1.25,17804.0,United Kingdom
489545,18010,ASSORTED FRAGRANCE BATH CONFETTI,6,2009-12-01 12:22:00,0.42,17804.0,United Kingdom
489545,21162,TOXIC AREA  DOOR HANGER ,1,2009-12-01 12:22:00,1.45,17804.0,United Kingdom
489545,37370,RETRO COFFEE MUGS ASSORTED,2,2009-12-01 12:22:00,1.25,17804.0,United Kingdom
489545,22152,PLACE SETTING WHITE STAR,15,2009-12-01 12:22:00,0.42,17804.0,United Kingdom
489545,72267,PREMIUM CHURCH CANDLE,3,2009-12-01 12:22:00,2.1,17804.0,United Kingdom
489545,22139,RETRO SPOT TEA SET CERAMIC 11 PC ,4,2009-12-01 12:22:00,4.95,17804.0,United Kingdom
489545,22143,CHRISTMAS CRAFT HEART DECORATIONS,1,2009-12-01 12:22:00,2.1,17804.0,United Kingdom
489545,22197,"POPCORN HOLDER , SMALL ",3,2009-12-01 12:22:00,0.85,17804.0,United Kingdom
489545,22081,RIBBON REEL FLORA + FAUNA ,1,2009-12-01 12:22:00,1.65,17804.0,United Kingdom
489545,22079,RIBBON REEL HEARTS DESIGN ,1,2009-12-01 12:22:00,1.65,17804.0,United Kingdom
489545,22273,FELTCRAFT DOLL MOLLY,1,2009-12-01 12:22:00,2.95,17804.0,United Kingdom
489545,22272,FELTCRAFT DOLL MARIA,1,2009-12-01 12:22:00,2.95,17804.0,United Kingdom
489545,22274,FELTCRAFT DOLL EMILY,1,2009-12-01 12:22:00,2.95,17804.0,United Kingdom
489545,21124,SET/10 BLUE SPOTTY PARTY CANDLES,1,2009-12-01 12:22:00,1.25,17804.0,United Kingdom
489545,21122,SET/10 PINK SPOTTY PARTY CANDLES,1,2009-12-01 12:22:00,1.25,17804.0,United Kingdom
489545,20758,ABSTRACT CIRCLES POCKET BOOK,3,2009-12-01 12:22:00,0.85,17804.0,United Kingdom
489545,20756,GREEN FERN POCKET BOOK,3,2009-12-01 12:22:00,0.85,17804.0,United Kingdom
489545,21126,SET OF 6 GIRLS CELEBRATION CANDLES,1,2009-12-01 12:22:00,1.25,17804.0,United Kingdom
489545,21125,SET 6 FOOTBALL CELEBRATION CANDLES,1,2009-12-01 12:22:00,1.25,17804.0,United Kingdom
489545,22154,ANGEL DECORATION 3 BUTTONS ,8,2009-12-01 12:22:00,0.42,17804.0,United Kingdom
489545,22102,MIRROR MOSAIC T-LIGHT HOLDER ,3,2009-12-01 12:22:00,1.65,17804.0,United Kingdom
489545,35955,SMALL FOLKART CHRISTMAS TREE DEC,4,2009-12-01 12:22:00,0.42,17804.0,United Kingdom
489545,35954,SMALL FOLKART STAR CHRISTMAS DEC,6,2009-12-01 12:22:00,0.42,17804.0,United Kingdom
489545,35957,SMALLFOLKART BAUBLE CHRISTMAS DEC,6,2009-12-01 12:22:00,0.42,17804.0,United Kingdom
489546,84050,PINK HEART SHAPE EGG FRYING PAN,6,2009-12-01 12:30:00,1.65,14156.0,EIRE
489546,47568,ENGLISH ROSE DESIGN PEG BAG,6,2009-12-01 12:30:00,2.1,14156.0,EIRE
489546,84782A,PINK 3 TIER GLASS PLATE STAND,2,2009-12-01 12:30:00,12.75,14156.0,EIRE
489546,84782C,GREEN 3 TIER GLASS PLATE STAND,1,2009-12-01 12:30:00,12.75,14156.0,EIRE
489546,21232,STRAWBERRY CERAMIC TRINKET BOX,12,2009-12-01 12:30:00,1.25,14156.0,EIRE
489546,21231,SWEETHEART CERAMIC TRINKET BOX,12,2009-12-01 12:30:00,1.25,14156.0,EIRE
489546,22186,RED STAR CARD HOLDER,6,2009-12-01 12:30:00,2.95,14156.0,EIRE
489546,22169,FAMILY ALBUM WHITE PICTURE FRAME,4,2009-12-01 12:30:00,8.5,14156.0,EIRE
489546,82494L,WOODEN FRAME ANTIQUE WHITE ,6,2009-12-01 12:30:00,2.95,14156.0,EIRE
489546,84933A,LARGE GREEN PEONY FOLDING STOOL,6,2009-12-01 12:30:00,2.1,14156.0,EIRE
489546,84933B,LARGE PINK PEONY FOLDING STOOL,6,2009-12-01 12:30:00,2.1,14156.0,EIRE
489546,22201,FRYING PAN BLUE POLKADOT ,4,2009-12-01 12:30:00,4.25,14156.0,EIRE
489546,37503,TEA TIME CAKE STAND IN GIFT BOX,4,2009-12-01 12:30:00,10.75,14156.0,EIRE
489546,48185,DOOR MAT FAIRY CAKE,4,2009-12-01 12:30:00,6.75,14156.0,EIRE
489547,22086,PAPER CHAIN KIT 50'S CHRISTMAS ,18,2009-12-01 12:30:00,2.95,13599.0,United Kingdom
489547,21871,SAVE THE PLANET MUG,12,2009-12-01 12:30:00,1.25,13599.0,United Kingdom
489547,21875,KINGS CHOICE MUG,12,2009-12-01 12:30:00,1.25,13599.0,United Kingdom
489547,21587,COSY HOUR GIANT TUBE MATCHES,12,2009-12-01 12:30:00,2.55,13599.0,United Kingdom
489547,21593,SWALLOW CIGAR BOX MATCHES ,24,2009-12-01 12:30:00,1.25,13599.0,United Kingdom
489547,21591,COSY HOUR CIGAR BOX MATCHES ,24,2009-12-01 12:30:00,1.25,13599.0,United Kingdom
489547,21590,KINGS CHOICE CIGAR BOX MATCHES ,24,2009-12-01 12:30:00,1.25,13599.0,United Kingdom
489547,22083,PAPER CHAIN KIT RETRO SPOT,6,2009-12-01 12:30:00,2.95,13599.0,United Kingdom
489547,22085,PAPER CHAIN KIT SKULLS ,6,2009-12-01 12:30:00,2.95,13599.0,United Kingdom
489547,21493, VINTAGE DESIGN GIFT TAGS,12,2009-12-01 12:30:00,0.85,13599.0,United Kingdom
489547,22138,BAKING SET 9 PIECE RETROSPOT ,3,2009-12-01 12:30:00,4.95,13599.0,United Kingdom
489547,21930,JUMBO STORAGE BAG SKULLS,10,2009-12-01 12:30:00,1.95,13599.0,United Kingdom
489547,85099B,JUMBO BAG RED WHITE SPOTTY ,10,2009-12-01 12:30:00,1.95,13599.0,United Kingdom
489547,85099C,JUMBO  BAG BAROQUE BLACK WHITE,10,2009-12-01 12:30:00,1.95,13599.0,United Kingdom
489547,20719,WOODLAND CHARLOTTE BAG,10,2009-12-01 12:30:00,0.85,13599.0,United Kingdom
489547,22356,"CHARLOTTE BAG , PINK/WHITE SPOTS",100,2009-12-01 12:30:00,0.72,13599.0,United Kingdom
489547,20724,RED SPOTTY CHARLOTTE BAG,10,2009-12-01 12:30:00,0.85,13599.0,United Kingdom
489547,20727,LUNCH BAG  BLACK SKULL.,10,2009-12-01 12:30:00,1.65,13599.0,United Kingdom
489547,20726,LUNCH BAG WOODLAND,10,2009-12-01 12:30:00,1.65,13599.0,United Kingdom
489547,20725,LUNCH BAG RED SPOTTY,20,2009-12-01 12:30:00,1.65,13599.0,United Kingdom
489547,22348,TEA BAG PLATE RED SPOTTY ,12,2009-12-01 12:30:00,0.85,13599.0,United Kingdom
489547,85061W,WHITE JEWELLED HEART DECORATION,240,2009-12-01 12:30:00,0.64,13599.0,United Kingdom
489546,48188,DOOR MAT WELCOME PUPPIES,2,2009-12-01 12:30:00,6.75,14156.0,EIRE
489546,48194,DOORMAT HEARTS,2,2009-12-01 12:30:00,6.75,14156.0,EIRE
489546,48129,DOOR MAT TOPIARY,2,2009-12-01 12:30:00,6.75,14156.0,EIRE
489546,84997D,PINK 3 PIECE MINI DOTS CUTLERY SET,6,2009-12-01 12:30:00,3.75,14156.0,EIRE
489546,21781,MA CAMPAGNE CUTLERY BOX,1,2009-12-01 12:30:00,14.95,14156.0,EIRE
489546,22111,SCOTTIE DOG HOT WATER BOTTLE,3,2009-12-01 12:30:00,4.95,14156.0,EIRE
489546,21485,RED SPOT HEART HOT WATER BOTTLE,3,2009-12-01 12:30:00,4.95,14156.0,EIRE
489546,21484,CHICK GREY HOT WATER BOTTLE,4,2009-12-01 12:30:00,3.45,14156.0,EIRE
489546,20692,FLORAL ELEPHANT SOFT TOY,9,2009-12-01 12:30:00,4.25,14156.0,EIRE
489546,20768,GREEN FERN JOURNAL ,6,2009-12-01 12:30:00,2.55,14156.0,EIRE
489546,21082,SET/20 FRUIT SALAD PAPER NAPKINS ,12,2009-12-01 12:30:00,0.85,14156.0,EIRE
489546,47591D,PINK FAIRY CAKE CHILD'S APRON,8,2009-12-01 12:30:00,1.95,14156.0,EIRE
489546,47591B,SCOTTIES DES CHILD'S APRON,8,2009-12-01 12:30:00,1.65,14156.0,EIRE
489546,21004,ROSE DU SUD CHILDS APRON,3,2009-12-01 12:30:00,4.25,14156.0,EIRE
489546,21212,PACK OF 72 RETRO SPOT CAKE CASES,24,2009-12-01 12:30:00,0.55,14156.0,EIRE
489546,20751,FUNKY WASHING UP GLOVES ASSORTED,12,2009-12-01 12:30:00,2.1,14156.0,EIRE
489546,22195,LARGE HEART MEASURING SPOONS,12,2009-12-01 12:30:00,1.65,14156.0,EIRE
489546,22196,SMALL HEART MEASURING SPOONS,12,2009-12-01 12:30:00,0.85,14156.0,EIRE
489546,22199,FRYING PAN RED POLKADOT ,4,2009-12-01 12:30:00,4.25,14156.0,EIRE
489550,48187,DOOR MAT NEW ENGLAND,2,2009-12-01 12:33:00,6.75,14156.0,EIRE
489550,21523,FANCY FONT HOME SWEET HOME DOORMAT,2,2009-12-01 12:33:00,6.75,14156.0,EIRE
489550,84968C,S/16 VINTAGE PISTACHIO CUTLERY,4,2009-12-01 12:33:00,12.75,14156.0,EIRE
489550,84968F,S/16 VINTAGE SKY BLUE CUTLERY,2,2009-12-01 12:33:00,12.75,14156.0,EIRE
489550,84968B,S/16 VINTAGE IVORY CUTLERY,2,2009-12-01 12:33:00,12.75,14156.0,EIRE
489550,21977,PACK OF 60 PINK PAISLEY CAKE CASES,48,2009-12-01 12:33:00,0.55,14156.0,EIRE
489550,22276,WASH BAG VINTAGE ROSE PAISLEY,6,2009-12-01 12:33:00,2.55,14156.0,EIRE
489550,72760B,VINTAGE CREAM 3 BASKET CAKE STAND,4,2009-12-01 12:33:00,9.95,14156.0,EIRE
489550,85231L,LAVENDER SCENTED SET/9 T-LIGHTS,12,2009-12-01 12:33:00,0.85,14156.0,EIRE
489550,85231G,ORANGE SCENTED SET/9 T-LIGHTS,12,2009-12-01 12:33:00,0.85,14156.0,EIRE
489550,21618,4 WILDFLOWER BOTANICAL CANDLES,6,2009-12-01 12:33:00,3.75,14156.0,EIRE
489550,21615,4 LAVENDER BOTANICAL DINNER CANDLES,6,2009-12-01 12:33:00,3.75,14156.0,EIRE
489550,21619,4 VANILLA BOTANICAL CANDLES,6,2009-12-01 12:33:00,3.75,14156.0,EIRE
489550,21612,SET 12 WILDFLOWER BOTANICAL T-LIGHT,6,2009-12-01 12:33:00,2.95,14156.0,EIRE
489550,85049A,TRADITIONAL CHRISTMAS RIBBONS,12,2009-12-01 12:33:00,1.25,14156.0,EIRE
489550,85049B,LUSH GREENS RIBBONS,12,2009-12-01 12:33:00,1.25,14156.0,EIRE
489550,85049G,CHOCOLATE BOX RIBBONS ,12,2009-12-01 12:33:00,1.25,14156.0,EIRE
489550,21175,GIN + TONIC DIET METAL SIGN,6,2009-12-01 12:33:00,2.1,14156.0,EIRE
489550,21770,OPEN CLOSED METAL SIGN,2,2009-12-01 12:33:00,4.95,14156.0,EIRE
489550,20747,PICCADILLY TEA SET,2,2009-12-01 12:33:00,14.95,14156.0,EIRE
489550,37500,TEA TIME TEAPOT IN GIFT BOX,2,2009-12-01 12:33:00,9.95,14156.0,EIRE
